-- MySQL dump 10.13  Distrib 8.0.42, for Linux (x86_64)
--
-- Host: localhost    Database: projetohoras
-- ------------------------------------------------------
-- Server version	8.0.42-0ubuntu0.20.04.1

/*!40101 SET @OLD_CHARACTER_SET_CLIENT=@@CHARACTER_SET_CLIENT */;
/*!40101 SET @OLD_CHARACTER_SET_RESULTS=@@CHARACTER_SET_RESULTS */;
/*!40101 SET @OLD_COLLATION_CONNECTION=@@COLLATION_CONNECTION */;
/*!50503 SET NAMES utf8mb4 */;
/*!40103 SET @OLD_TIME_ZONE=@@TIME_ZONE */;
/*!40103 SET TIME_ZONE='+00:00' */;
/*!40014 SET @OLD_UNIQUE_CHECKS=@@UNIQUE_CHECKS, UNIQUE_CHECKS=0 */;
/*!40014 SET @OLD_FOREIGN_KEY_CHECKS=@@FOREIGN_KEY_CHECKS, FOREIGN_KEY_CHECKS=0 */;
/*!40101 SET @OLD_SQL_MODE=@@SQL_MODE, SQL_MODE='NO_AUTO_VALUE_ON_ZERO' */;
/*!40111 SET @OLD_SQL_NOTES=@@SQL_NOTES, SQL_NOTES=0 */;

--
-- Table structure for table `Horas`
--

DROP TABLE IF EXISTS `Horas`;
/*!40101 SET @saved_cs_client     = @@character_set_client */;
/*!50503 SET character_set_client = utf8mb4 */;
CREATE TABLE `Horas` (
  `idhora` int NOT NULL AUTO_INCREMENT,
  `usuid` int NOT NULL,
  `dia` date NOT NULL,
  `entrada` time DEFAULT NULL,
  `cafe1` time DEFAULT NULL,
  `cafe2` time DEFAULT NULL,
  `almoco1` time DEFAULT NULL,
  `almoco2` time DEFAULT NULL,
  `cafe3` time DEFAULT NULL,
  `cafe4` time DEFAULT NULL,
  `saida` time DEFAULT NULL,
  `extra` time DEFAULT NULL,
  PRIMARY KEY (`idhora`),
  KEY `usuid` (`usuid`),
  CONSTRAINT `Horas_ibfk_1` FOREIGN KEY (`usuid`) REFERENCES `Usuario` (`usuid`)
) ENGINE=InnoDB AUTO_INCREMENT=177 DEFAULT CHARSET=utf8mb4 COLLATE=utf8mb4_0900_ai_ci;
/*!40101 SET character_set_client = @saved_cs_client */;

--
-- Dumping data for table `Horas`
--

LOCK TABLES `Horas` WRITE;
/*!40000 ALTER TABLE `Horas` DISABLE KEYS */;
INSERT INTO `Horas` VALUES (1,1,'2025-04-07','08:00:00','10:00:00','10:10:00','12:00:00','14:00:00','15:13:00','15:23:00','19:02:00','01:02:00'),(2,1,'2025-04-08','07:47:00','10:30:00','10:40:00','12:00:00','13:00:00','15:06:00','15:16:00','18:30:00','01:43:00'),(3,1,'2025-04-09','07:45:00','10:22:00','10:32:00','12:00:00','13:00:00','15:23:00','15:33:00','18:39:00','01:54:00'),(4,2,'2025-04-11','08:03:00','10:12:00','10:22:00','12:00:00','14:00:00','16:15:00','16:25:00','18:00:00','00:00:00'),(5,1,'2025-03-31','08:00:00','10:20:00','10:30:00','12:00:00','14:00:00','15:30:00','15:40:00','17:30:00','00:00:00'),(6,1,'2025-04-01','07:43:00','10:11:00','10:21:00','12:00:00','13:00:00','15:41:00','15:51:00','20:50:00','04:07:00'),(7,1,'2025-04-02','07:50:00','10:22:00','10:32:00','12:00:00','13:00:00','15:31:00','15:41:00','19:20:00','02:30:00'),(8,1,'2025-04-04','07:49:00','10:00:00','10:10:00','13:00:00','14:00:00','15:25:00','15:35:00','18:00:00','01:11:00'),(9,1,'2025-04-11','08:00:00','10:00:00','10:10:00','12:00:00','13:30:00','16:00:00','16:10:00','18:39:00','01:09:00'),(11,1,'2025-04-14','08:00:00','10:10:00','10:20:00','12:00:00','14:00:00','15:12:00','15:22:00','18:13:00','00:13:00'),(12,1,'2025-04-15','07:20:00','10:20:00','10:30:00','12:00:00','13:00:00','16:10:00','16:20:00','20:52:00','04:32:00'),(15,1,'2025-04-22','08:00:00','10:10:00','10:20:00','12:00:00','14:00:00','16:00:00','16:10:00','18:30:00','00:30:00'),(16,1,'2025-04-23','07:10:00','10:32:00','10:42:00','12:00:00','13:00:00','16:30:00','16:40:00','19:06:00','02:56:00'),(17,1,'2025-04-24','07:20:00','10:30:00','10:40:00','12:00:00','13:00:00','15:15:00','15:25:00','21:49:00','05:29:00'),(19,2,'2025-04-23','07:56:00','10:45:00','10:55:00','13:00:00','14:00:00','16:15:00','16:25:00','18:36:00','01:40:00'),(20,2,'2025-04-24','07:55:00','09:34:00','09:44:00','12:00:00','13:00:00','16:01:00','16:11:00','20:00:00','03:05:00'),(22,3,'2025-04-22','08:00:00','10:10:00','10:20:00','12:00:00','14:00:00','15:11:00','15:22:00','18:20:00','00:20:00'),(24,2,'2025-04-22','08:02:00','10:01:00','10:12:00','12:00:00','14:00:00','16:23:00','16:33:00','19:01:00','00:59:00'),(26,2,'2025-04-28','07:59:00','09:41:00','09:51:00','12:00:00','14:00:00','16:12:00','16:22:00','19:30:00','01:31:00'),(27,1,'2025-04-28','08:00:00','09:03:00','09:13:00','12:00:00','14:00:00','15:15:00','15:25:00','18:00:00','00:00:00'),(28,1,'2025-04-29','08:00:00','10:09:00','10:19:00','12:00:00','14:00:00','15:41:00','15:51:00','18:00:00','00:00:00'),(29,1,'2025-04-30','05:57:00','10:28:00','10:38:00','12:00:00','13:00:00','16:45:00','16:55:00','20:30:00','05:33:00'),(31,2,'2025-04-29','07:49:00','10:24:00','10:34:00','12:40:00','13:47:00','16:11:00','16:23:00','20:00:00','03:04:00'),(32,2,'2025-04-30','07:53:00','10:10:00','10:20:00','12:00:00','13:00:00','15:46:00','15:56:00','21:35:00','04:42:00'),(33,1,'2025-05-02','07:29:00','09:15:00','09:25:00','13:00:00','15:00:00','16:10:00','16:20:00','19:57:00','02:28:00'),(34,2,'2025-05-05','08:01:00','09:57:00','10:07:00','12:00:00','14:00:00','16:50:00','17:00:00','19:30:00','01:29:00'),(35,1,'2025-05-05','08:00:00','09:38:00','09:48:00','12:00:00','14:00:00','15:19:00','15:29:00','19:00:00','01:00:00'),(36,1,'2025-05-06','07:00:00','09:04:00','09:14:00','12:00:00','13:00:00','15:50:00','16:00:00','18:20:00','02:20:00'),(37,1,'2025-05-07','07:00:00','09:07:00','09:17:00','12:00:00','13:00:00','15:57:00','16:07:00','19:20:00','03:20:00'),(38,1,'2025-05-08','10:59:00','10:35:00','10:45:00','12:00:00','14:00:00','16:31:00','16:41:00','18:00:00','00:00:00'),(39,1,'2025-05-09','08:00:00','10:43:00','10:53:00','12:00:00','14:00:00','15:37:00','15:47:00','18:00:00','00:00:00'),(40,1,'2025-05-13','07:36:00','10:16:00','10:26:00','12:00:00','13:00:00','16:05:00','16:15:00','18:40:00','02:04:00'),(41,1,'2025-05-14','08:00:00','10:02:00','10:12:00','12:00:00','13:00:00','15:53:00','16:03:00','18:00:00','01:00:00'),(42,1,'2025-05-15','07:20:00','10:49:00','10:59:00','12:00:00','13:00:00','16:12:00','16:22:00','20:20:00','04:00:00'),(43,1,'2025-05-16','07:19:00','09:43:00','09:53:00','12:00:00','13:00:00','16:51:00','17:01:00','20:03:00','03:44:00'),(44,2,'2025-05-06','06:56:00','09:45:00','09:55:00','12:00:00','13:00:00','16:43:00','16:53:00','18:30:00','02:34:00'),(45,2,'2025-05-07','06:55:00','10:23:00','10:33:00','12:30:00','13:30:00','16:32:00','16:43:00','18:00:00','02:05:00'),(46,2,'2025-05-08','07:20:00','10:34:00','10:44:00','12:00:00','13:00:00','15:45:00','15:55:00','18:20:00','02:00:00'),(47,2,'2025-05-09','07:15:00','09:55:00','10:05:00','12:45:00','13:45:00','16:12:00','16:22:00','21:03:00','04:48:00'),(48,2,'2025-05-12','08:00:00','09:56:00','10:06:00','12:00:00','14:00:00','16:23:00','16:33:00','18:00:00','00:00:00'),(49,2,'2025-05-13','07:20:00','10:34:00','10:44:00','12:00:00','13:00:00','16:24:00','16:34:00','18:37:00','02:17:00'),(50,2,'2025-05-14','07:22:00','10:01:00','10:11:00','12:00:00','13:00:00','16:24:00','16:34:00','18:37:00','02:15:00'),(51,2,'2025-05-15','07:16:00','09:45:00','09:55:00','12:00:00','13:00:00','15:56:00','16:06:00','20:14:00','03:58:00'),(52,2,'2025-05-16','07:20:00','09:48:00','09:58:00','12:00:00','13:00:00','16:44:00','16:54:00','20:21:00','04:01:00'),(53,1,'2025-05-19','08:00:00','09:08:00','09:18:00','12:00:00','14:00:00','15:10:00','15:20:00','18:30:00','00:30:00'),(54,1,'2025-05-20','07:40:00','10:25:00','10:35:00','13:00:00','14:00:00','16:03:00','16:13:00','20:15:00','03:35:00'),(55,2,'2025-05-19','08:03:00','10:08:00','10:20:00','12:03:00','14:03:00','00:00:00','00:00:00','15:29:00','00:00:00'),(56,2,'2025-05-20','08:00:00','10:44:00','10:54:00','12:00:00','13:00:00','16:22:00','16:33:00','18:00:00','01:00:00'),(57,1,'2025-05-21','07:42:00','10:28:00','10:38:00','12:00:00','13:00:00','15:13:00','15:23:00','20:15:00','03:33:00'),(58,1,'2025-05-22','07:47:00','09:42:00','09:52:00','13:10:00','14:10:00','15:58:00','16:08:00','19:14:00','02:27:00'),(60,2,'2025-05-21','08:53:00','10:40:00','10:51:00','12:51:00','13:53:00','16:11:00','16:21:00','18:06:00','00:11:00'),(61,2,'2025-05-22','08:56:00','11:03:00','11:13:00','12:00:00','13:00:00','16:05:00','16:15:00','18:03:00','00:07:00'),(63,2,'2025-05-23','09:00:00','10:43:00','10:54:00','12:00:00','13:00:00','16:41:00','16:51:00','18:32:00','00:32:00'),(64,1,'2025-05-23','07:40:00','10:44:00','10:54:00','12:30:00','13:30:00','16:16:00','16:26:00','20:16:00','03:36:00'),(65,1,'2025-05-26','08:00:00','09:07:00','09:17:00','12:00:00','14:00:00','15:25:00','15:35:00','18:20:00','00:20:00'),(66,1,'2025-05-27','07:07:00','09:56:00','10:06:00','12:00:00','13:00:00','16:57:00','17:07:00','20:07:00','04:00:00'),(67,1,'2025-05-28','07:30:00','10:03:00','10:13:00','12:00:00','13:00:00','16:07:00','16:17:00','20:30:00','04:00:00'),(68,1,'2025-05-29','07:45:00','09:04:00','09:14:00','12:00:00','13:00:00','16:17:00','16:27:00','21:30:00','04:45:00'),(69,1,'2025-05-30','08:00:00','09:55:00','10:05:00','13:00:00','14:00:00','15:08:00','15:18:00','18:40:00','01:40:00'),(70,1,'2025-05-31','07:40:00',NULL,NULL,NULL,NULL,NULL,NULL,'13:42:00','06:02:00'),(71,2,'2025-05-28','08:02:00','10:22:00','10:32:00','12:00:00','13:00:00','16:34:00','16:44:00','19:22:00','02:20:00'),(72,2,'2025-05-29','07:26:00','09:45:00','09:55:00','12:00:00','13:00:00','15:56:00','16:07:00','19:34:00','03:08:00'),(73,2,'2025-05-30','07:24:00','09:58:00','10:10:00','12:00:00','13:00:00','16:01:00','16:13:00','19:20:00','02:56:00'),(74,1,'2025-06-02','08:00:00','09:59:00','10:09:00','12:00:00','14:00:00','16:52:00','17:02:00','18:00:00','00:00:00'),(75,2,'2025-06-02','08:02:00','10:17:00','10:27:00','12:09:00','14:10:00','15:25:00','15:35:00','18:00:00','00:00:00'),(76,1,'2025-06-03','08:00:00','10:57:00','11:07:00','12:00:00','14:00:00','15:39:00','15:49:00','18:15:00','00:15:00'),(77,1,'2025-06-04','06:50:00','10:37:00','10:47:00','11:00:00','12:00:00','16:43:00','16:53:00','17:03:00','01:13:00'),(78,1,'2025-06-05','07:32:00','10:22:00','10:32:00','12:00:00','13:00:00','16:46:00','16:56:00','18:00:00','01:28:00'),(79,1,'2025-06-06','08:00:00','10:03:00','10:13:00','12:00:00','14:00:00','15:48:00','15:58:00','18:00:00','00:00:00'),(80,2,'2025-06-03','08:00:00','10:45:00','10:55:00','12:10:00','14:15:00','16:34:00','16:44:00','18:02:00','00:00:00'),(81,2,'2025-06-04','08:04:00','09:34:00','09:44:00','12:10:00','14:15:00','16:34:00','16:44:00','18:00:00','00:00:00'),(82,2,'2025-06-05','08:00:00','10:25:00','10:35:00','13:10:00','14:29:00','16:34:00','16:44:00','18:00:00','00:41:00'),(83,2,'2025-06-06','08:06:00','09:56:00','10:06:00','12:02:00','14:00:00','15:12:00','15:22:00','18:00:00','00:00:00'),(84,1,'2025-06-09','08:00:00','09:27:00','09:37:00','12:00:00','14:00:00','15:08:00','15:18:00','18:00:00','00:00:00'),(85,1,'2025-06-10','07:15:00','09:21:00','09:31:00','12:00:00','13:00:00','15:13:00','15:23:00','18:00:00','01:45:00'),(87,2,'2025-06-09','08:00:00','10:10:00','10:20:00','12:00:00','14:00:00','16:22:00','16:32:00','18:00:00','00:00:00'),(88,1,'2025-06-11','07:20:00','09:08:00','09:18:00','12:00:00','13:00:00','15:32:00','15:42:00','18:00:00','01:40:00'),(89,1,'2025-06-12','08:00:00','09:02:00','09:12:00','12:00:00','13:00:00','16:34:00','16:44:00','18:00:00','01:00:00'),(90,1,'2025-06-16','06:00:00','10:44:00','10:54:00','12:06:00','13:06:00','15:39:00','15:49:00','19:53:00','04:53:00'),(91,1,'2025-06-13','08:00:00','09:27:00','09:37:00','12:00:00','14:00:00','15:18:00','15:28:00','18:00:00','00:00:00'),(92,2,'2025-06-16','06:20:00','09:10:00','09:20:00','12:00:00','13:00:00','15:25:00','15:35:00','19:48:00','04:28:00'),(93,2,'2025-06-17','06:07:00','10:12:00','10:22:00','12:00:00','13:00:00','15:56:00','16:06:00','18:30:00','03:23:00'),(94,2,'2025-06-18','07:45:00','10:45:00','10:55:00','12:00:00','13:00:00','16:34:00','16:44:00','18:00:00','01:15:00'),(95,2,'2025-06-20','07:50:00','10:24:00','10:34:00','12:00:00','13:00:00','15:44:00','15:54:00','20:27:00','03:37:00'),(96,1,'2025-06-17','06:00:00','10:37:00','10:47:00','12:06:00','13:06:00','16:02:00','16:12:00','20:04:00','05:04:00'),(97,1,'2025-06-18','06:55:00','10:12:00','10:22:00','12:00:00','13:00:00','15:58:00','16:08:00','18:00:00','02:05:00'),(98,1,'2025-06-20','08:00:00','09:31:00','09:41:00','12:00:00','14:00:00','15:49:00','15:59:00','18:00:00','00:00:00'),(99,2,'2025-06-23','08:03:00','09:45:00','09:57:00','12:00:00','14:00:00','16:44:00','16:55:00','18:30:00','00:27:00'),(100,2,'2025-06-24','07:55:00','10:22:00','10:32:00','14:00:00','15:00:00','16:10:00','16:20:00','18:46:00','01:51:00'),(101,2,'2025-06-25','07:54:00','09:45:00','09:55:00','12:00:00','13:00:00','16:45:00','16:55:00','18:20:00','01:26:00'),(102,2,'2025-06-26','07:58:00','10:23:00','10:33:00','14:00:00','15:00:00','16:55:00','17:05:00','22:15:00','05:17:00'),(103,1,'2025-06-23','08:00:00','10:21:00','10:31:00','12:00:00','14:00:00','16:17:00','16:27:00','18:30:00','00:30:00'),(104,1,'2025-06-24','08:00:00','09:12:00','09:22:00','14:00:00','15:00:00','16:38:00','16:48:00','18:46:00','01:46:00'),(105,1,'2025-06-25','07:50:00','10:24:00','10:34:00','12:00:00','13:00:00','15:24:00','15:34:00','18:20:00','01:30:00'),(106,1,'2025-06-26','07:51:00','09:35:00','09:45:00','14:00:00','15:00:00','15:09:00','15:19:00','22:08:00','05:17:00'),(107,1,'2025-06-27','08:00:00','09:31:00','09:41:00','12:00:00','14:00:00','15:17:00','15:27:00','18:00:00','00:00:00'),(108,1,'2025-06-28','14:34:00','14:49:00','17:31:00','17:42:00',NULL,NULL,NULL,NULL,'00:26:00'),(109,1,'2025-06-30','08:00:00','09:25:00','09:35:00','12:00:00','14:00:00','15:56:00','16:06:00','17:40:00','00:00:00'),(110,1,'2025-07-01','07:40:00','09:22:00','09:32:00','12:00:00','14:00:00','15:49:00','15:59:00','18:00:00','00:20:00'),(111,2,'2025-06-30','08:00:00','10:10:00','10:20:00','12:00:00','14:00:00','16:45:00','16:55:00','19:36:00','01:36:00'),(112,2,'2025-07-01','07:56:00','10:24:00','10:34:00','12:00:00','13:00:00','15:56:00','16:06:00','18:10:00','01:14:00'),(113,2,'2025-07-02','08:00:00','09:55:00','10:05:00','12:00:00','13:00:00','16:10:00','16:20:00','20:12:00','03:12:00'),(114,1,'2025-07-02','08:00:00','10:19:00','10:29:00','12:00:00','14:00:00','15:50:00','16:00:00','18:00:00','00:00:00'),(115,1,'2025-04-03','08:00:00','09:49:00','09:59:00','12:00:00','14:00:00','16:22:00','16:32:00','18:00:00','00:00:00'),(116,1,'2025-07-04','08:00:00','10:12:00','10:22:00','12:00:00','14:00:00','15:21:00','15:31:00','18:00:00','00:00:00'),(117,1,'2025-07-06','09:00:00',NULL,NULL,NULL,NULL,NULL,NULL,'13:00:00','04:00:00'),(118,1,'2025-07-09','17:00:00',NULL,NULL,NULL,NULL,NULL,NULL,'21:06:00','04:06:00'),(119,1,'2025-07-10','07:29:00','10:24:00','10:34:00','12:00:00','13:00:00','15:19:00','15:29:00','20:40:00','04:11:00'),(120,1,'2025-07-11','08:00:00','10:49:00','10:59:00','12:00:00','13:00:00','15:41:00','15:51:00','19:10:00','02:10:00'),(121,1,'2025-07-07','08:00:00','09:30:00','09:40:00','12:00:00','14:00:00','16:53:00','17:03:00','18:00:00','00:00:00'),(122,2,'2025-07-09','17:03:00',NULL,NULL,NULL,NULL,NULL,NULL,'21:06:00','04:03:00'),(123,2,'2025-07-10','07:29:00','09:44:00','09:54:00','12:00:00','13:00:00','15:26:00','15:36:00','20:40:00','04:11:00'),(124,2,'2025-07-11','08:00:00','10:10:00','10:20:00','12:00:00','13:00:00','16:33:00','16:43:00','19:15:00','02:15:00'),(125,2,'2025-07-14','08:04:00','09:16:00','09:26:00','12:00:00','14:35:00','16:20:00','16:30:00','19:40:00','01:01:00'),(126,2,'2025-07-15','07:54:00','10:10:00','10:20:00','12:00:00','13:00:00','15:56:00','16:06:00','18:40:00','01:46:00'),(127,2,'2025-07-16','07:55:00','10:45:00','10:55:00','12:00:00','13:00:00','15:44:00','15:54:00','21:58:00','05:03:00'),(128,2,'2025-07-17','07:58:00','10:36:00','10:46:00','12:00:00','14:00:00','16:43:00','16:53:00','18:00:00','00:02:00'),(129,1,'2025-07-14','08:00:00','10:42:00','10:52:00','12:00:00','14:00:00','16:26:00','16:36:00','19:04:00','01:04:00'),(130,1,'2025-07-15','06:55:00','10:40:00','10:50:00','12:00:00','13:00:00','15:21:00','15:31:00','16:08:00','00:13:00'),(131,1,'2025-07-16','07:00:00','10:33:00','10:43:00','12:00:00','13:00:00','15:26:00','15:36:00','17:38:00','01:38:00'),(132,1,'2025-07-17','07:46:00','09:31:00','09:41:00','12:40:00','13:40:00','16:19:00','16:29:00','21:15:00','04:29:00'),(133,1,'2025-07-18','08:00:00','09:18:00','09:28:00','12:00:00','13:00:00','15:50:00','16:00:00','20:46:00','03:46:00'),(134,1,'2025-07-21','08:00:00','10:57:00','11:07:00','12:00:00','14:00:00','16:52:00','17:02:00','18:00:00','00:00:00'),(135,1,'2025-07-22','08:00:00','09:28:00','09:38:00','12:00:00','14:00:00','16:20:00','16:30:00','18:00:00','00:00:00'),(136,1,'2025-07-23','08:00:00','10:33:00','10:43:00','12:00:00','14:00:00','15:06:00','15:16:00','20:11:00','02:11:00'),(137,1,'2025-07-24','07:40:00','10:49:00','10:59:00','12:15:00','14:00:00','15:36:00','15:46:00','17:46:00','00:21:00'),(138,1,'2025-07-25','07:45:00','10:03:00','10:13:00','12:19:00','14:00:00','15:07:00','15:17:00','17:48:00','00:22:00'),(139,1,'2025-07-29','08:00:00','10:00:00','10:10:00','12:00:00','13:39:00','16:09:00','16:19:00','18:03:00','00:24:00'),(140,1,'2025-07-28','08:00:00','09:20:00','09:30:00','12:00:00','14:00:00','16:12:00','16:22:00','18:00:00','00:00:00'),(141,2,'2025-07-23','08:03:00','09:54:00','10:04:00','12:00:00','14:00:00','16:23:00','16:33:00','19:10:00','01:07:00'),(142,2,'2025-07-24','07:35:00','10:10:00','10:20:00','12:00:00','13:00:00','15:45:00','15:55:00','19:50:00','03:15:00'),(143,2,'2025-07-25','07:30:00','09:56:00','10:06:00','12:00:00','13:00:00','16:44:00','16:54:00','21:42:00','05:12:00'),(144,2,'2025-07-29','07:46:00','10:45:00','10:55:00','12:30:00','13:30:00','16:15:00','16:25:00','19:25:00','02:39:00'),(145,2,'2025-07-30','07:50:00','09:55:00','10:05:00','12:20:00','13:30:00','15:56:00','16:06:00','19:14:00','02:14:00'),(146,2,'2025-07-31','07:58:00','10:20:00','10:30:00','12:00:00','13:00:00','16:12:00','16:22:00','20:06:00','03:08:00'),(147,1,'2025-07-31','06:00:00','09:57:00','10:07:00','12:00:00','13:00:00','16:47:00','16:57:00','18:42:00','03:42:00'),(148,1,'2025-08-01','07:52:00','09:26:00','09:36:00','12:00:00','13:00:00','16:59:00','17:09:00','17:48:00','00:56:00'),(149,2,'2025-08-04','08:04:00','10:23:00','10:33:00','12:00:00','14:00:00','15:53:00','16:03:00','18:50:00','00:46:00'),(150,2,'2025-08-05','08:02:00','09:55:00','10:05:00','12:00:00','13:00:00','16:45:00','16:55:00','21:26:00','04:24:00'),(151,2,'2025-08-06','07:35:00','10:44:00','10:54:00','12:00:00','13:00:00','15:55:00','16:05:00','19:10:00','02:35:00'),(152,2,'2025-08-07','07:45:00','10:26:00','10:36:00','12:00:00','13:00:00','15:44:00','15:54:00','19:20:00','02:35:00'),(153,2,'2025-08-08','07:40:00','09:55:00','10:05:00','12:00:00','13:00:00','16:12:00','16:22:00','21:40:00','05:00:00'),(154,1,'2025-09-01','06:30:00','09:21:00','09:31:00','12:00:00','14:00:00','16:22:00','16:32:00','19:10:00','02:40:00'),(155,1,'2025-09-02','07:50:00','10:34:00','10:44:00','12:18:00','13:30:00','15:09:00','15:19:00','18:12:00','01:10:00'),(156,1,'2025-09-03','07:48:00','09:30:00','09:40:00','11:42:00','12:53:00','15:50:00','16:00:00','20:16:00','03:17:00'),(157,1,'2025-09-04','06:45:00','09:55:00','10:05:00','12:00:00','13:00:00','15:23:00','15:33:00','19:28:00','03:43:00'),(158,1,'2025-09-08','08:06:00','10:04:00','10:14:00','11:00:00','13:00:00','15:54:00','16:04:00','20:40:00','02:34:00'),(159,1,'2025-09-09','07:03:00','09:02:00','09:12:00','12:00:00','13:00:00','15:08:00','15:18:00','19:50:00','03:47:00'),(160,1,'2025-09-10','07:03:00','09:04:00','09:14:00','12:00:00','13:00:00','16:50:00','17:00:00','20:37:00','04:34:00'),(161,1,'2025-09-11','07:50:00','09:58:00','10:08:00','12:10:00','14:00:00','16:19:00','16:29:00','18:12:00','00:32:00'),(162,1,'2025-09-12','07:49:00','10:10:00','10:20:00','12:00:00','14:00:00','16:30:00','16:40:00','17:57:00','00:08:00'),(163,1,'2025-09-15','08:11:00','09:15:00','09:31:00','12:01:00','14:01:00','16:06:00','16:17:00','18:10:00','00:00:00'),(164,1,'2025-09-16','08:07:00','09:02:00','09:12:00','12:40:00','13:45:00','16:33:00','16:45:00','18:04:00','00:52:00'),(165,1,'2025-09-17','08:07:00','10:10:00','10:20:00','12:30:00','14:00:00','16:53:00','17:04:00','18:02:00','00:25:00'),(166,1,'2025-09-18','06:54:00','10:45:00','10:55:00','12:00:00','13:00:00','15:15:00','15:25:00','18:00:00','02:06:00'),(167,1,'2025-09-19','08:00:00','10:49:00','10:59:00','12:30:00','14:30:00','15:06:00','15:16:00','18:00:00','00:00:00'),(168,2,'2025-08-21','06:05:00','10:33:00','10:43:00','12:30:00','13:30:00','16:01:00','16:11:00','21:00:00','05:55:00'),(169,2,'2025-08-26','07:15:00','10:09:00','10:19:00','12:40:00','13:40:00','15:45:00','15:55:00','18:10:00','01:55:00'),(170,2,'2025-08-27','07:15:00','10:46:00','10:56:00','12:00:00','13:00:00','16:20:00','16:30:00','19:00:00','02:45:00'),(171,2,'2025-08-28','07:45:00','09:54:00','10:04:00','12:00:00','13:00:00','16:12:00','16:22:00','22:27:00','05:42:00'),(172,2,'2025-08-29','07:02:00','10:33:00','10:43:00','12:00:00','13:00:00','15:45:00','15:55:00','23:59:00','07:57:00'),(173,2,'2025-09-17','08:02:00','10:45:00','10:55:00','12:00:00','13:00:00','16:34:00','16:44:00','18:40:00','01:38:00'),(174,2,'2025-09-18','07:25:00','09:45:00','09:55:00','12:00:00','13:00:00','15:56:00','16:06:00','18:29:00','02:04:00'),(175,2,'2025-09-19','07:33:00','10:34:00','10:44:00','12:00:00','13:00:00','16:37:00','16:47:00','20:05:00','03:32:00'),(176,1,'2025-09-23','08:00:00','10:14:00','10:24:00','12:53:00','14:05:00','15:41:00','15:51:00','18:00:00','00:48:00');
/*!40000 ALTER TABLE `Horas` ENABLE KEYS */;
UNLOCK TABLES;

--
-- Table structure for table `Usuario`
--

DROP TABLE IF EXISTS `Usuario`;
/*!40101 SET @saved_cs_client     = @@character_set_client */;
/*!50503 SET character_set_client = utf8mb4 */;
CREATE TABLE `Usuario` (
  `usuid` int NOT NULL AUTO_INCREMENT,
  `usunome` varchar(100) NOT NULL,
  `ususenha` varchar(100) NOT NULL,
  `usu_tel` varchar(255) DEFAULT NULL,
  PRIMARY KEY (`usuid`)
) ENGINE=InnoDB AUTO_INCREMENT=11 DEFAULT CHARSET=utf8mb4 COLLATE=utf8mb4_0900_ai_ci;
/*!40101 SET character_set_client = @saved_cs_client */;

--
-- Dumping data for table `Usuario`
--

LOCK TABLES `Usuario` WRITE;
/*!40000 ALTER TABLE `Usuario` DISABLE KEYS */;
INSERT INTO `Usuario` VALUES (1,'Mateus','170502','5518988043123'),(2,'Carlos','c9380','5514998319380'),(3,'Vinicius','v4848','5518981306941'),(4,'ADM','2824*','5518981174107'),(5,'Guilherme','g9190','5518996669190'),(6,'Financeiro','2824*',NULL),(7,'Leonardo','l0202','5518981850202'),(8,'Edmilson','e0799','5518981890799'),(9,'Felipe','f0014','5518981760014'),(10,'Renan','mortadela1','5518981850405');
/*!40000 ALTER TABLE `Usuario` ENABLE KEYS */;
UNLOCK TABLES;

--
-- Table structure for table `config_email`
--

DROP TABLE IF EXISTS `config_email`;
/*!40101 SET @saved_cs_client     = @@character_set_client */;
/*!50503 SET character_set_client = utf8mb4 */;
CREATE TABLE `config_email` (
  `email_id` int NOT NULL AUTO_INCREMENT,
  `usuid` int NOT NULL,
  `smtp_host` varchar(255) NOT NULL,
  `smtp_port` int NOT NULL DEFAULT '587',
  `smtp_user` varchar(255) NOT NULL,
  `smtp_pass` text NOT NULL,
  `from_email` varchar(255) NOT NULL,
  `from_name` varchar(255) DEFAULT NULL,
  `use_tls` tinyint(1) DEFAULT '1',
  `use_ssl` tinyint(1) DEFAULT '0',
  `ativo` tinyint(1) DEFAULT '1',
  `criado_em` timestamp NULL DEFAULT CURRENT_TIMESTAMP,
  PRIMARY KEY (`email_id`)
) ENGINE=InnoDB AUTO_INCREMENT=3 DEFAULT CHARSET=utf8mb4 COLLATE=utf8mb4_0900_ai_ci;
/*!40101 SET character_set_client = @saved_cs_client */;

--
-- Dumping data for table `config_email`
--

LOCK TABLES `config_email` WRITE;
/*!40000 ALTER TABLE `config_email` DISABLE KEYS */;
INSERT INTO `config_email` VALUES (1,1,'mx.infomaster.inf.br',587,'mateus@infomaster.inf.br','dd8060d0c8f528389af7c084fef1cb32:a7d398535b0236dc9e40a8e095edc8db','mateus@infomaster.inf.br','Mateus',1,0,1,'2025-04-29 13:16:56'),(2,2,'mx.infomaster.inf.br',587,'carlosm@infomaster.inf.br','0531ce0d7b1d620e2a63890f8034f225:74afcf9d76cc6e45d9682d8dac2cda22','carlosm@infomaster.inf.br','Carlos',1,0,1,'2025-04-29 15:49:35');
/*!40000 ALTER TABLE `config_email` ENABLE KEYS */;
UNLOCK TABLES;

--
-- Table structure for table `implantacoes`
--

DROP TABLE IF EXISTS `implantacoes`;
/*!40101 SET @saved_cs_client     = @@character_set_client */;
/*!50503 SET character_set_client = utf8mb4 */;
CREATE TABLE `implantacoes` (
  `idimplantacao` int NOT NULL AUTO_INCREMENT,
  `usuid` int NOT NULL,
  `imp_nome` varchar(100) DEFAULT NULL,
  `imp_cidade` varchar(100) DEFAULT NULL,
  `imp_estado` varchar(50) DEFAULT NULL,
  `imp_dia` date DEFAULT NULL,
  `imp_tipo` varchar(50) DEFAULT NULL,
  `imp_obs` text,
  `imp_contato` varchar(255) DEFAULT NULL,
  `imp_tel` varchar(255) DEFAULT NULL,
  `imp_tel1` varchar(255) DEFAULT NULL,
  `imp_sis` varchar(255) DEFAULT NULL,
  `imp_dtvenc` date DEFAULT NULL,
  `imp_datapag` date DEFAULT NULL,
  `imp_mensalidade` decimal(10,2) DEFAULT NULL,
  `imp_tel2` varchar(255) DEFAULT NULL,
  `imp_tel3` varchar(255) DEFAULT NULL,
  `imp_carro` varchar(50) DEFAULT NULL,
  `imp_dia1` date DEFAULT NULL,
  `imp_vendedorcod` varchar(150) DEFAULT NULL,
  `imp_taxa` decimal(10,2) DEFAULT NULL,
  PRIMARY KEY (`idimplantacao`),
  KEY `usuid` (`usuid`),
  CONSTRAINT `implantacoes_ibfk_1` FOREIGN KEY (`usuid`) REFERENCES `Usuario` (`usuid`)
) ENGINE=InnoDB AUTO_INCREMENT=311 DEFAULT CHARSET=utf8mb4 COLLATE=utf8mb4_0900_ai_ci;
/*!40101 SET character_set_client = @saved_cs_client */;

--
-- Dumping data for table `implantacoes`
--

LOCK TABLES `implantacoes` WRITE;
/*!40000 ALTER TABLE `implantacoes` DISABLE KEYS */;
INSERT INTO `implantacoes` VALUES (2,1,'OUROFARMA','Ourinhos','SP','2025-04-08','Conversão','CONVERSÃO VSM',NULL,NULL,NULL,NULL,NULL,NULL,NULL,NULL,NULL,'Uno 15',NULL,'7',NULL),(3,1,'FARMA VIDA 2 GALANTE','Cedral','SP','2025-04-15','Conversão','CONVERSÃO ALPHA7',NULL,NULL,NULL,NULL,NULL,NULL,NULL,NULL,NULL,'Uno 15',NULL,'7',NULL),(4,2,'CASA DE CARNES VACCARO','Álvares Machado','SP','2025-04-08','Implantação','',NULL,NULL,NULL,NULL,NULL,NULL,NULL,NULL,NULL,'',NULL,'7',NULL),(21,2,'ND STORE','Presidente Prudente','SP','2025-04-22','Implantação','TELA NORMAL 08:30','Nicoly','18981620230','','MASTER LOJA VAZIO','2025-05-25',NULL,150.00,'','','Uno 15',NULL,'7',NULL),(22,2,'Drogaria Nossa senhora das Dores','Fartura','SP','2025-04-23','Conversão','','Luciana','1433823490','14998242814','Indtec','2025-05-25',NULL,250.00,'14997083990','','Uno 15',NULL,'7',NULL),(23,1,'Drogaria Droga Nossa','Guaraci','SP','2025-04-24','Conversão',NULL,'Moeme','1738151516','17988281602','Farma Pro','2025-05-25',NULL,250.00,'','','Uno 13','2025-04-25','7',150.00),(30,3,'Rocali Pharma','Franco da Rocha','SP','2025-04-28','Implantação','COMBINADO CLIENTE SÓ VAI TER UM DIA DE IMPLANTAÇÃO','Ronaldo','(11)95357-4887','','Alpha 7','2025-06-05',NULL,250.00,'','','Uno 11',NULL,'8',NULL),(31,3,'Mercado Rajado','São Bernardo do Campo','SP','2025-04-29','Implantação','TAXA DE IMPLANTAÇÃO = R$ 300,00','Diogo / Maria Beatriz','(11)94105-4834','','MASTER LOJA (VAZIO)','2025-05-25',NULL,150.00,'','','Uno 11',NULL,'8',300.00),(32,2,'Farmacia Bio Farma','Carlópolis','PR','2025-04-29','Implantação','....','Estela','(43) 99988-9376','(43) 99653-7995 ','VSM','2025-06-10',NULL,280.00,'(43) 99660-1504','','Uno 15',NULL,'8',NULL),(40,2,'Armazem das Ferramentas ','Pirapozinho','SP','2025-05-02','Visita','','Mateus ','(18) 99806-3957','(18) 99767-8600','TREINAMENTO','2025-04-01',NULL,1.00,'','','Uno 15','2025-05-02','7',1.00),(41,1,'Farmacia Marcondense','Alfredo Marcondes','SP','2025-05-02','Visita','TREINAMENTO -  WHATSAPP NOVA VERSÃO','Aristides / Robson','(18) 3266-1156','','TREINAMENTO','2025-05-10',NULL,1.00,'','','Uno 13','2025-05-02','7',1.00),(42,3,'Coyote´s_Surf','Atibaia','SP','2025-05-02','Implantação','TAXA DE IMPLANTAÇÃO = 400 REAIS','Luís Fabiano / Thaiza','(17) 3815-1516','(17)98828-1602 ','MASTER LOJA (VAZIO)','2025-05-10',NULL,150.00,'','','Uno 11','2025-05-03','8',400.00),(53,1,'Ag Farma','Sud Mennucci','SP','2025-04-30','Implantação','DISTRITO DE BANDEIRANTES D`OESTE SP','Keila','(18) 99187-0288 ','(17) 99659-0974','VSM','2025-06-10',NULL,210.00,'','','Uno 12',NULL,'4',NULL),(54,5,'Bifarma Brasilandia','São Paulo','SP','2025-05-05','Visita','TREINAMENTO','Wilson','(11)3923-1623','','TREINAMENTO',NULL,NULL,NULL,'','','Uno 11','2025-05-05','8',NULL),(55,3,'GV Store','São Paulo','SP','2025-05-06','Implantação','','Gustavo','(11)94721-5487','','MASTER LOJA (VAZIO)',NULL,NULL,NULL,'','','Uno 11','2025-05-07','8',NULL),(56,3,'Bifarma Portinari','São Paulo','SP','2025-05-08','Implantação','','Sergio','(11)3622-4603','(11)98577-9197','Alpha 7',NULL,NULL,NULL,'','','Uno 11','2025-05-09','8',NULL),(59,2,'Saude Farma','Carlopolis','PR','2025-05-09','Implantação',NULL,NULL,NULL,NULL,'BIG',NULL,NULL,NULL,NULL,NULL,NULL,NULL,NULL,NULL),(60,2,'Damy Moda Evangelica','Caiabu','SP','2025-05-13','Implantação',NULL,NULL,NULL,NULL,'BLING',NULL,NULL,NULL,NULL,NULL,NULL,NULL,NULL,NULL),(61,2,'Farmacia Bionativa','Bataguassu','MS','2025-05-15','Implantação',NULL,NULL,NULL,NULL,'TRIER',NULL,NULL,NULL,NULL,NULL,NULL,NULL,NULL,NULL),(62,1,'Farmacia Bionativa','Bataguassu','MS','2025-05-15','Implantação',NULL,NULL,NULL,NULL,'TRIER',NULL,NULL,NULL,NULL,NULL,NULL,NULL,NULL,NULL),(63,1,'Mercado Express','Presidente Prudente','SP','2025-05-13','Implantação',NULL,NULL,NULL,NULL,'XP Tecnologia',NULL,NULL,NULL,NULL,NULL,NULL,NULL,NULL,NULL),(64,1,'Paola Farma','Gália','SP','2025-05-20','Implantação','','Paola','1432741846','14997294868','VSM','2025-06-20',NULL,NULL,'14998816116','','Uno 15','2025-05-21','7',NULL),(65,1,'AB Farma Popular','Garça','SP','2025-05-22','Implantação','','Paola e Bertone','1434711415','14996168536','Inova Farma','2025-06-20',NULL,NULL,'14998121944','','Uno 15','2025-05-23','7',NULL),(66,2,'Kasameo Aromas e Presentes','Presidente Prudente','SP','2025-05-20','Conversão','','Cris','18991186372','18997651695','Gigatron','2025-06-20',NULL,NULL,'','','Uno 12','2025-05-21','7',NULL),(67,2,'Elgancia Import\'s','Presidente Prudente','SP','2025-05-22','Implantação','','Augusto e Larissa','18996432964','18996760705','Master Loja VAZIO','2025-06-20',NULL,NULL,'','','Uno 12','2025-05-23','7',NULL),(97,5,'Drogaria GJ Lj 1','São Paulo','SP','2025-05-26','Implantação','Segunda 08:00','Gilberto','(11)94998-4421','','Treinamento',NULL,NULL,NULL,'','','Uno 11',NULL,'8',NULL),(98,3,'Girassol Polpas ','Presidente Prudente','SP','2025-05-27','Implantação','Terça, Quarta 08:00','Bene','(18) 99795-4910','(18) 99610-0030','Provenco ',NULL,NULL,NULL,'','','Uno 13','2025-05-28','7',NULL),(99,1,'Farmacia Galeno ','Lupercio','SP','2025-05-27','Implantação','Terça, Quarta 08:00','Marcelo','(14) 99149-6648','(14) 99741-1929','Trier ',NULL,NULL,NULL,'','','Uno 15','2025-05-28','7',NULL),(100,2,'Drogaria Popular ','Valparaiso de Goiais','GO','2025-05-27','Implantação','Terça, Quarta 08:30','Bernardo','(61) 99354-5309','','PharmaW',NULL,NULL,NULL,'','','Online','2025-05-28','7',NULL),(101,5,'Nelfarma','Franco da Rocha /','SP','2025-05-27','Implantação','Terça, Quarta 08:30','Daniel','(11)4118-4639','(11)94103-3676 (11)99565-4659','PharmaW',NULL,NULL,NULL,'','','Uno 11','2025-05-28','8',NULL),(102,1,'Farmanove Vera Cruz','Vera Cruz','SP','2025-05-29','Implantação','Quinta, Sexta 08:00','Marcelo','(14) 3492-1173','(14) 99164-6748','Trier ',NULL,NULL,NULL,'','','Uno 15','2025-05-30','7',NULL),(103,5,'Drogaria e Cirúrgica São Francisco','Bragança Paulista','SP','2025-05-29','Implantação','Quinta, Sexta 08:00','Ana','(11)2277-1000','(11)97259-1213 (11)98421-6432','Tech Farma',NULL,NULL,NULL,'','','Uno 11','2025-05-30','7',NULL),(104,5,'Drogaria Max Farma Samara /','Guarulhos','SP','2025-06-02','Implantação','Segunda 08:00','Marcelo','(11)4803-4926','(11) 95142-2097','Treinamento',NULL,NULL,300.00,NULL,'','Uno 11',NULL,'8',NULL),(105,5,'Drogaria Julipe','São Paulo','SP','2025-06-03','Implantação','Terça, Quarta 08:00','Jane','(11)96707-2378','(11)97983-3776','PharmaW',NULL,NULL,250.00,NULL,'','Uno 11','2025-06-04','8',200.00),(106,2,'Rafa','Presidente Prudente','SP','2025-06-03','Implantação','Terça, Quarta 08:00','Chopp','(14) 99149-6648','(14) 99741-1929','Master Loja',NULL,NULL,NULL,NULL,'','Uno 12','2025-06-04','7',NULL),(107,1,'Kasameo Alambique','Alfredo Marcondes','SP','2025-06-05','Implantação','Terça, Quarta 08:00','Cristiane','(18) 99184-3504','(18) 99755-5911','Master Loja ',NULL,NULL,135.00,NULL,'','Uno 13','2025-06-06','7',NULL),(108,3,'Drogaria da Beleza  Edilson','Álvares Machado','SP','2025-06-03','Implantação','Terça, Quarta 08:00','Sabino','(18) 99711-2159','(18) 99661-8503','PharmaW',NULL,NULL,193.00,NULL,'','Uno 15','2025-06-04','7',NULL),(109,5,'Restaurante 34','Jandira','SP','2025-06-05','Implantação','Quinta, Sexta 08:00','Carla','(11)4618-0400','(11)95060-0550 (11)96850-5860','Master Loja',NULL,NULL,150.00,NULL,'','Uno 11','2025-06-06','8',500.00),(110,3,'Farmacia Avenida ','1 De Maio','PR','2025-06-05','Implantação','Quinta, Sexta 08:00','Leticia','(43) 3235-1295','(43) 99140-8790','PharmaW',NULL,NULL,280.00,NULL,'','Uno 15','2025-06-06','7',NULL),(111,2,'Livraria Diocesana ','Presidente Prudente','SP','2025-06-05','Visita','Quinta, Sexta 08:00','João','(18) 99785-3984','','Treinamento ',NULL,NULL,NULL,'','','Uno 12','2025-06-06','7',NULL),(132,1,'Casa Di Vó ','Mirante do Paranapanema','SP','2025-06-04','Implantação','','Pamela','(18)99728-4345 ','(18)99614-1535','Master Loja (3953 Banco)',NULL,NULL,NULL,'','','Uno 13',NULL,'7',NULL),(142,5,'Drogaria Nova Imperial II','Ribeirão Pires /','SP','2025-06-09','Implantação','Segunda, Terça 08:00','Welington','(11)94717-9680','','Digifarma',NULL,NULL,NULL,'','','Uno 11','2025-06-10','8',NULL),(143,3,'Drogaria MP ','Arco Iris','SP','2025-06-10','Implantação','Terça, Quarta 08:00','Viviane','(14) 99837-5771','','PharmaW ',NULL,NULL,NULL,'','','Uno 15','2025-06-11','7',NULL),(144,2,'Thais Farma','Marilândia do Sul','PR','2025-05-29','Implantação','Quinta, Sexta 08:00','Thais','(43)99643-4442','(43)99163-7220','VSM',NULL,NULL,NULL,'','','Uno 12','2025-05-30','7',NULL),(145,5,'Drogaria Farmatos','Itaquaquecetuba','/SP','2025-05-11','Implantação','Quarta 08:00','Renata','(11)4635-8655','(11)94737-4942','ADM',NULL,NULL,NULL,'','','Uno 11',NULL,'8',NULL),(146,3,'Drogaria Zanini ','Olimpia','SP','2025-06-12','Implantação','Quinta, Sexta 08:00','Gustavo','(17) 3281-7783','(17) 98120-1015','SIS Moura ',NULL,NULL,NULL,'','','Uno 15','2025-06-13','7',NULL),(147,5,'Dedetizadora Camaleão Nelson /','Francisco Morato /','SP','2025-06-12','Implantação','Quinta, Sexta 08:00','Mario','(11)96858-6016','(11)94790-7573','Master Loja',NULL,NULL,NULL,'','','Uno 11','2025-06-13','8',NULL),(148,1,'Pavani Modas e Acessorios ','Tupã','SP','2025-06-10','Implantação','Terça, Quarta 08:00','Rose','(18)99638-6981','','Master Loja ',NULL,NULL,NULL,'','','Uno 13','2025-06-11','7',NULL),(149,5,'Drogaria Farmatos','Itaquaquecetuba','SP','2025-06-07','Implantação','','Renata','(11)4635-8655','(11)94737-4942','ADM',NULL,NULL,NULL,'0','','Uno 11',NULL,'8',NULL),(150,2,'La Nina Moda Feminina e Pijamas','Presidente Prudente','SP','2025-06-12','Implantação','Quinta, Sexta 08:00','Ariane','(18) 99732-1100','0','Master Loja ',NULL,NULL,NULL,'','','Uno 13','2025-06-13','7',NULL),(151,1,'Drogaria Drogasul','Chapadao do Sul','MS','2025-06-12','Implantação','Quinta, Sexta 08:00','Iron','(67)99926-2121','0','Inovafarma',NULL,NULL,NULL,'','','Online','2025-06-13','4',NULL),(152,5,'Drogaria Grafarma','São Paulo','SP','2025-06-16','Implantação','Segunda, Terça 08:00','André','(11)91481-0001','(11)93144-3669','SoftClass',NULL,NULL,NULL,'250','','Uno 11','2025-06-17','8',NULL),(153,1,'Drogaria Moderna ','Bastos','SP','2025-06-16','Implantação','Terça, Quarta 08:00','Camila','(14) 3478-2407','(14) 99796-2407 (14) 99876-5295','Alpha 7',NULL,NULL,NULL,'350','','Uno 12','2025-06-20','7',NULL),(154,1,'Drogaria Pro Familia','Presidente Prudente','SP','2025-05-31','Implantação','Sábado 08:00','Adriana','(18)99777-9577',NULL,'Trier',NULL,NULL,NULL,NULL,NULL,'Uno 15',NULL,'4',NULL),(155,2,'Lu cosmeticos 3 ','Osasco','SP','2025-06-10','Implantação','Terça 08:00','Anderson','(11) 95041-4691',NULL,'Master Loja',NULL,NULL,NULL,NULL,NULL,'Online',NULL,'4',NULL),(156,1,'Farmacia São Judas Tadeu de Garça','Garça','SP','2025-06-24','Implantação','Terça, Quarta 08:00','André','(14) 3471-0904','(14) 99798-7957 (14) 99616-5261','Sysfar / Concentra',NULL,NULL,NULL,'750','','Uno 15','2025-06-25','7',NULL),(157,3,'Drogaria Princesa Gabriel Monteiro  Tatiele e','Gabriel Monteiro','SP','2025-06-24','Implantação','Terça, Quarta 08:00','André','(18) 99763-4969','(18) 99611-3928 (18) 996960-0301','Inova Farma ',NULL,NULL,NULL,'250','','Uno 12','2025-06-25','7',NULL),(158,5,'Mika Cosméticos','Osasco','SP','2025-06-24','Implantação','Terça 08:00','Taina','(11)95828-2090','180','Master Loja',NULL,NULL,NULL,'','','Uno 11',NULL,'8',NULL),(159,5,'Drogaria Farmatos loja 2 Renata /','Itaquaquecetuba','SP','2025-06-25','Implantação','Quarta, Quinta 08:00','Talita','(11)98570-4335','(11)95925-1870 (11)94737-4942','Adm',NULL,NULL,NULL,'250','','Uno 11','2025-06-26','8',NULL),(162,1,'FARMACIA ALQUIMIA','Boituva','SP','2025-06-20','Implantação','SEXTA 08:00 ONLINE','Keila',NULL,NULL,'medicator',NULL,NULL,NULL,NULL,NULL,'Online',NULL,'7',NULL),(163,2,'Drogaria Moderna','Bastos','SP','2025-06-16','Implantação','Terça, Quarta 08:00','Camila','(14) 3478-2407','','ALPHA 7',NULL,NULL,NULL,NULL,NULL,'Uno 12','2025-06-17','7',350.00),(171,3,'São Jose Materiais Contrução ','Arco-Iris','SP','2025-06-26','Implantação','Quinta, Sexta 08:00','Gabriela','(14) 99871-2654','','Master Loja Vazio ',NULL,NULL,NULL,'','','Uno 12','2025-06-27','7',NULL),(172,2,'Brito Garage João','Colina','SP','2025-07-01','Implantação','Terça, Quarta 08:00','Amadeu','(17) 99176-4316','(16) 99747-0603','Master Loja Vazio ',NULL,NULL,NULL,'','','Uno 15','2025-07-02','7',NULL),(173,1,'Centro Veterinario','Álvares Machado','SP','2025-07-01','Implantação','Terça, Quarta 08:00','Danilo','(18) 99764-0686','(18) 99636-2233','Pegasus ',NULL,NULL,NULL,'','','Uno 12','2025-07-02','7',NULL),(174,5,'Drogaria Leve Mais','São Paulo','SP','2025-07-01','Implantação','Terça, Quarta 08:00','Nany','(11)94287-8186','(11)98101-3045','Micro Farma',NULL,NULL,NULL,'','','Uno 11','2025-07-02','8',NULL),(175,5,'Drogaria Compre Bem','São Paulo','SP','2025-07-03','Implantação','Quinta, Sexta 08:00','Elisio','(11)5825-4146','(11)99931-7349','Alpha 7',NULL,NULL,NULL,'','','Uno 11','2025-07-04','8',NULL),(176,2,'Loja do Real ','Guaraci','SP','2025-07-03','Implantação','Quarta, Quinta 08:00','Antonia','(17) 99146-4004','(17) 98831-4011','Master Loja PDV',NULL,NULL,NULL,'','','Uno 15','2025-07-04','7',NULL),(178,3,'Bar e Mercearia Arco-Íris','Arco-Iris','SP','2025-07-03','Implantação','Quinta, Sexta 08:00','Gabriela','(14)99871-2654','(14)99622-1509','Master Loja',NULL,NULL,NULL,'','','Online','2025-07-04','7',NULL),(191,5,'Trolesi Farma','Franco da Rocha  /','SP','2025-07-08','Implantação','Terça, Quarta 08:00','Richard','(11)95786-9671','(11)94531-1354','Alpha 7',NULL,NULL,NULL,'','','Uno 11','2025-07-09','8',NULL),(192,2,'Drogaria Guapiaçu do Risca','Guapiaçu','SP','2025-07-10','Implantação','Quinta, Sexta 08:00','Luciana','(17) 3267-1398','(17) 98185-4557 (17) 98220-2047','Alpha 7',NULL,NULL,NULL,'','','Uno 15','2025-07-11','7',NULL),(193,5,'Lukinhas Pet','São Paulo','SP','2025-07-10','Implantação','Quinta, Sexta 08:00','Silvana','(11) 97571-4272','(11) 98324-4157','Master Loja ',NULL,NULL,NULL,'','','Uno 11','2025-07-11','8',NULL),(194,1,'Farmacia do Povo','Vargem Grande','PaulistaSP','2025-07-04','Implantação','Sexta 08:00','Rildo','(11)96415-5197','','PharmaW',NULL,NULL,NULL,'','','Online',NULL,'8',NULL),(195,3,'Bem Estar Drogaria','Aguas de Santa Barbara','SP','2025-07-10','Implantação','Quinta, Sexta 08:00','Thamires','(14)99617-3603','(14)99786-5334','PharmaW',NULL,NULL,NULL,'250','','Uno 13','2025-07-11','7',NULL),(196,2,'Farmacia São Judas Tadeu de Garça','Garça','SP','2025-06-24','Implantação','Terça','andre','André','(14) 3471-0904','Sysfar / Concentra',NULL,NULL,750.00,'(14) 99798-7957','(14) 99616-5261','Uno 15','2025-06-25',NULL,NULL),(197,2,'DROGARIA PONTO FARMACEUTICO','PARAGUAÇU PAULISTA','SP','2025-07-03','Implantação','Quinta','maylon','Maylon','(14) 3471-0904','Sysfar / Concentra',NULL,NULL,NULL,'(14) 99798-7957','(14) 99616-5261','Online',NULL,'4',NULL),(199,5,'Drogaria e Cirúrgica São Francisco','Bragança Paulista','SP','2025-07-15','Implantação','Terça, Quarta 08:00','Ana','(11) 2277-1000','(11) 97259-1213  (11 )98421-6432','Tech Farma',NULL,NULL,NULL,'250','','Uno 11','2025-07-16','7',NULL),(200,1,'Drogaria 21 ','Borborema','SP','2025-07-15','Implantação','Terça, Quarta 08:00','Gustavo','(16) 99157-2121','(17) 98817-0808','Alfa 7',NULL,NULL,NULL,'220','','Uno 15','2025-07-16','7',NULL),(201,3,'Droagria Nossa Senhora Aparecida ','Buri','SP','2025-07-15','Implantação','Terça, Quarta 08:00','Ingrid','(15) 99613-8213','(15) 99844-2795','Alfa 7',NULL,NULL,NULL,'300','','Uno 13','2025-07-16','7',350.00),(202,2,'Unishop Bença ','Águas Claras','MS','2025-07-15','Implantação','Terça, Quarta 08:00','Cristiano','(67) 99602-5981','95','Master Loja PDV',NULL,NULL,NULL,'','','Uno 12','2025-07-16','7',450.00),(203,2,'Farma you 2 ','São Paulo','SP','2025-07-17','Implantação','Quinta, Sexta 08:00','Samara','(11) 95770-2312','140','PharmaW',NULL,NULL,NULL,'','','Online','2025-07-18','8',NULL),(204,5,'Drogaria Assis Loja 2','São Paulo','SP','2025-07-14','Implantação','Segunda 08:00','Edinho','(11) 91569-5905','213','PharmaW',NULL,NULL,NULL,'','','Uno 11',NULL,'8',NULL),(205,5,'Drogaria e Cirúrgica São Francisco','Bragança Paulista','SP','2025-07-15','Implantação','Terça, Quarta 08:00','Ana','(11) 2277-1000','(11) 97259-1213  (11 )98421-6432','Tech Farma',NULL,NULL,NULL,'250','','Uno 11','2025-07-16','7',NULL),(206,5,'Farmacia do Povo','Vagem Grande Paulista','SP','2025-07-17','Implantação','Quinta, Sexta 08:00','Rildo','(11)96415-5197','295','PharmaW',NULL,NULL,NULL,'','','Uno 11','2025-07-18','8',NULL),(207,1,'Drogaria Guapiaçu do Risca','Guapiaçu','SP','2025-07-10','Implantação','Quinta, Sexta 08:00','Luciana','(17) 3267-1398','(17) 98185-4557 (17) 98220-2047','Alpha 7',NULL,NULL,NULL,'','','Uno 15','2025-07-11','7',NULL),(208,3,'MultiDrogas','Buri ','SP','2025-07-17','Implantação','Quinta, Sexta 08:00','Jozimara','(15) 99686-5306','(15) 98146-2042','Alpha 7',NULL,NULL,NULL,'','','Uno 13','2025-07-18','4',NULL),(209,1,'Drogaria São Gabriel','Iacanga','SP','2025-07-17','Implantação','Quinta, Sexta 08:00','Tamires','(14)99741-4389','(14)99617-3486','VSM',NULL,NULL,NULL,'','','Uno 12','2025-07-18','7',NULL),(211,2,'Rooftop','Presidente Prudente','SP','2025-07-18','Implantação','Quinta, Sexta 08:00','Carlos','(18) 99669-7393','','Master Loja',NULL,NULL,NULL,'','','Uno 15','2025-07-18','4',NULL),(212,1,'Gisela Horta','Presidente Prudente','SP','2025-07-22','Implantação','Terça, Quarta 09:00','Gisela','(18) 99704-2028','','Master Loja Tela Normal',NULL,NULL,NULL,'','','Uno 12','2025-07-23','7',NULL),(213,3,'Eletroeste Ana Paula e','Presidente Prudente','SP','2025-07-22','Implantação','Terça, Quarta 08:00','Romulo','(18) 3221-8146','(18) 99101-6324 (18) 99648-8689','Real Time',NULL,NULL,NULL,'','','Uno 13','2025-07-23','7',NULL),(214,5,'Elite Adega','Osasco','SP','2025-07-22','Implantação','Terça, Quarta 08:00','Natalia','(11)94576-2888','','Master Lola',NULL,NULL,NULL,'','','Uno 11','2025-07-23','8',120.00),(215,5,'Drogaria Dr Angelo','São Paulo','SP','2025-07-24','Implantação','Quinta, Sexta 08:00','Angelo','(11)5511-1710','(11)97987-9563','LinkPlus',NULL,NULL,NULL,'','','Uno 11','2025-07-25','8',250.00),(216,2,'Laquer EPI\'S','Itapira','SP','2025-07-22','Implantação','Terça, Quarta 09:30','Marcos','(19) 98170-8293','','Master Loja Tela Normal',NULL,NULL,NULL,'','','Online','2025-07-23','4',250.00),(217,1,'Mercado São Paulo','Presidente Prudente','SP','2025-07-23','Visita','Quarta 09:00','Vanessa','(18)98115-5451','','Treinamento',NULL,NULL,NULL,'','','Uno 13',NULL,'4',NULL),(218,1,'Alquimia Manipulação','Nova Londrina','PR','2025-07-24','Online','Quinta 14:00','Vanderlei','(44)99877-7894','','Treinamento',NULL,NULL,NULL,'','','Online',NULL,'4',NULL),(219,3,'Drogaria Poup Mais Iaras Amanda /','Iaras','SP','2025-07-24','Implantação','Quinta, Sexta 08:00','Érica','(14)99908-9645','0','VSM',NULL,NULL,NULL,'','','Uno 15','2025-07-25','7',NULL),(220,2,'Drogaria Poup Mais','Cerqueira Cesar','SP','2025-07-24','Implantação','Quinta, Sexta 08:00','Aline','(14)99767-4511','(14) 99899-0554','VSM',NULL,NULL,NULL,'0','','Uno 15','2025-07-25','7',NULL),(221,1,'Versatil Gabriela/','Alvares Machado','SP','2025-07-24','Implantação','Quinta, Sexta 08:00','Ellen','(18)99614-9222','(18)99810-2537','Master Loja',NULL,NULL,NULL,'','','Uno 12','2025-07-25','7',NULL),(222,5,'Farma Mais Saude Thaina /','Ferraz de Vasconcelos','SP','2025-07-29','Implantação','Terça, Quarta 08:00','Felipe','(11)94000-4559','(11)93215-4260 (11)97190-2281','Sysfarma',NULL,NULL,NULL,'250','','Uno 11','2025-07-30','8',250.00),(223,3,'D & D Variedades Daniel /','São Paulo','SP','2025-07-29','Implantação','Terça, Quarta 08:00','Diogo','(11)91580-7117','(11)98210-2193','Master Lola',NULL,NULL,NULL,'150','','Uno 11','2025-07-30','8',NULL),(224,2,'Essencial Perfumaria ','Presidente Epitacio','SP','2025-07-29','Implantação','Terça, Quarta 08:00','Bruna','(18)99685-3185','180','Master Loja',NULL,NULL,NULL,'','','Uno 15','2025-07-30','7',180.00),(225,3,'Radiadores Oliveira','Praia Grande','SP','2025-07-31','Implantação','Quinta, Sexta 08:00','Oliveira','(13)99193-5536','110','Master Loja',NULL,NULL,NULL,'','','Uno 11','2025-08-01','8',250.00),(228,2,'Israel & Santos Embalagens','Sorocaba','SP','2025-07-31','Implantação','Quinta 08:00','Israel','(11)97599-3393','160','Master Loja',NULL,NULL,NULL,'','','',NULL,'8',200.00),(229,5,'Droga Diniz Maria','Osasco','SP','2025-07-31','Implantação','Quinta, Sexta 08:00','Eduarda','(11)3682-2066','(11)91376-4224 (11)97561-2831','Inova Farma',NULL,NULL,NULL,'250','','Uno 11','2025-08-01','8',250.00),(230,1,'Farmacia Avenida','Santa Cruz do Rio Pardo','SP','2025-07-31','Implantação','Quinta, Sexta 08:00','Murilo','(14)3372-3233','(14) 99897-5828','VSM',NULL,NULL,NULL,'250','','Uno 12','2025-08-01','7',250.00),(231,2,'Tio Dri ','Presidente Prudente','SP','2025-08-04','Implantação','Segunda 08:00','Adriano','(18) 98139-1573','115','Treinamento',NULL,NULL,NULL,'','','Uno 13',NULL,'7',NULL),(232,3,'Drogaria Mais Essencial ','Suzano','SP','2025-08-05','Implantação','Terça, Quarta 08:00','Valeria','(11)97744-8960','220','Pharmaw',NULL,NULL,NULL,'','','Uno 11','2025-08-06','8',220.00),(233,5,'Sião Farma Rose /','Taboão da Serra','SP','2025-08-05','Implantação','Terça, Quarta 08:00','Gabriel','(11)96281-1245','(11)98753-8626','Pharmaw',NULL,NULL,NULL,'220','','Uno 11','2025-08-06','8',220.00),(234,2,'Construneto ','Guapirama','PR','2025-08-06','Implantação','Quarta, Quinta 08:00','Lilian','(43) 99196-2227','(11) 95594-2424','ProSystem ',NULL,NULL,NULL,'250','','Uno 13','2025-08-07','7',500.00),(237,2,'Vibfarma','São Paulo','SP','2025-08-04','Implantação','Segunda 08:00','Fabiano','(11)99514-5103','(11)97711-1220','PharmaW',NULL,NULL,NULL,'250','','Uno 13',NULL,'8',250.00),(238,2,'Atacadão Makezão','Presidente Prudente','SP','2025-08-05','Implantação','Terça 14:00','Ariel','(18)99732-0202','200','Master Loja',NULL,NULL,NULL,'','','Uno 13',NULL,'7',NULL),(239,2,'Construbi Ana','Piquerobi','SP','2025-08-08','Implantação','Sexta 08:00','Flavia','(18) 3276-1096','(18) 3276-1096','Treinamento',NULL,NULL,NULL,'','','Uno 13',NULL,'4',NULL),(240,1,'Atacadão Drogazão','Presidente Prudente','SP','2025-08-06','Implantação','Quarta 15:30','Ariel','(18)99732-0202','0','PharmaW',NULL,NULL,NULL,'','','Uno 12',NULL,'4',NULL),(241,3,'Mercado Duas 2 Irmas','Cotia','SP','2025-08-07','Implantação','Quinta, Sexta 08:00','Caroline','(11)94734-8952','100','Master Loja',NULL,NULL,NULL,'','','Uno 11','2025-08-08','8',100.00),(242,5,'DrogaLu Antenor /','Piraju','SP','2025-08-07','Implantação','Quinta, Sexta 08:00','Luna','(14)99690-9828','(14)99869-9861','VSM',NULL,NULL,NULL,'230','','Uno 11','2025-08-08','7',NULL),(243,10,'TESTE','São Paulo','Sp','2025-08-08','Implantação','TESTE IGNORAR MENSAGEM','Renan','(11)94998-4421','','TESTE',NULL,NULL,NULL,'','','Online',NULL,'4',NULL),(244,10,'TESTE','São Paulo','SP','2025-08-08','Implantação','TESTE FINAL MENSAGEM RENAN','Renan','(11)94998-4421','','Treinamento',NULL,NULL,NULL,'','','Online',NULL,'7',NULL),(245,10,'TESTE','São Paulo','SP','2025-08-08','Implantação','TESTE RENAN','TESTE','(11)94998-4421','','Treinamento',NULL,NULL,NULL,'','','Online',NULL,'10',NULL),(246,10,'Drogaria Santa Cecilia','Venceslau','SP','2025-08-11','Implantação','Segunda 08:00','Mario','250','','Whatsapp',NULL,NULL,NULL,'','','Uno 12',NULL,'4',NULL),(247,10,'Drogaria Santa Cecilia','Piquerobi','SP','2025-08-12','Implantação','Terça 08:00','Mario','150','','Whatsapp',NULL,NULL,NULL,'','','Uno 12',NULL,'4',NULL),(249,5,'Drogaria Jangadeiro Jose','São Paulo','SP','2025-08-12','Implantação','Terça, Quarta 08:00','Emilio','(11)5896-9850  (11)99915-5794','(11)95232-1073 (11)5870-7067','Alpha 7',NULL,NULL,NULL,'300','','Uno 11','2025-08-13','8',300.00),(252,3,'Medicinalis ','Agua Clara','MS','2025-08-13','Implantação','Quarta 08:00','Gustavo','(67)99924-0334','350','PharmaW',NULL,NULL,NULL,'','','Online',NULL,'4',NULL),(253,3,'ConstruBi Ana','Piqueri','SP','2025-08-13','Implantação','Quarta 15:00','Flavia','(18) 3276-1096','0','Treinamento',NULL,NULL,NULL,'','','Uno 12',NULL,'4',NULL),(254,5,'Inova Farma Drogaria Dra','Vargem Grande do Sul','SP','2025-08-14','Implantação','Quinta, Sexta 08:00','Bruna','(19)98939-2478','(19)99558-6630','Linx - Onibus',NULL,NULL,NULL,'350','','Uno 11','2025-08-15','7',500.00),(255,3,'Farma Vida','Itaberá','SP','2025-08-14','Implantação','Quinta, Sexta 10:00','Fernanda','(15) 99688-9632','(15) 999662-4679','PharmaW',NULL,NULL,NULL,'200','','Uno 15','2025-08-15','7',NULL),(256,2,'Jogador Caro ','Álvares Machado','SP','2025-08-18','Implantação','Segunda 08:00','Ana','(18) 99687-7683','(18) 98803-7941','Master Loja ',NULL,NULL,NULL,'135','','Uno 12',NULL,'7',NULL),(258,5,'Drogaria Miri Mais','São Paulo','SP','2025-08-18','Implantação','Segunda 09:00','Mirelle','(11)98386-7606','260','Treinamento',NULL,NULL,NULL,'','','Uno 11','2025-08-18','8',NULL),(259,2,'Gi Produtos Naturais ','Presidente Prudente','SP','2025-08-19','Implantação','Terça, Quarta 09:00','Gisela','(18) 99689-2338','(18) 98195-0846','Plennus',NULL,NULL,NULL,'125','','Uno 12','2025-08-20','7',NULL),(260,3,'Drogaria Bela Vista ','Fartura','SP','2025-08-19','Implantação','Terça, Quarta 08:00','Carol','(14)99759-0157','(14) 99668-6478','Treinamento ',NULL,NULL,NULL,'220','','Uno 15','2025-08-20','4',NULL),(261,5,'Farma Vida MF Marluci /','São Paulo','SP','2025-08-21','Implantação','Terça, Quarta 08:00','Francisca','(11)93004-1919','(11)98230-1363','Pharmaw',NULL,NULL,NULL,'250','','Uno 11','2025-08-22','8',250.00),(262,3,'Do Bairro Variedades','Presidente Prudente','SP','2025-08-21','Implantação','Quinta, Sexta 09:00','Fabiana','(18) 99705-9716','150','Dsic',NULL,NULL,NULL,'','','Uno 15','2025-08-22','7',NULL),(263,2,'Competão (Cosmetico) ','Castilho','SP','2025-08-21','Implantação','Quinta, Sexta 08:00','Deniz','(18) 3741-9780','(18) 98138-4200','Banco 4179',NULL,NULL,NULL,'200','','Uno 12','2025-08-22','7',NULL),(264,5,'Ultra Fox Pharma Maria /','Diadema','SP','2025-08-19','Implantação','Quinta, Sexta 08:00','Graziela','(11)4091-4168','(11)91106-8199 (11)98729-4446','Softclass',NULL,NULL,NULL,'250','','Uno 11','2025-08-20','8',250.00),(265,2,'Drogaria Assis Farma 3','São Paulo','SP','2025-08-22','Implantação','Sexta 08:00','Edinho','(11)97104-2381','213','PharmaW',NULL,NULL,NULL,'','','Online','2025-08-19','8',NULL),(266,2,'DrogaBoa','São Paulo','SP','2025-08-22','Implantação','Sexta 14:00','Roberto','(11)97825-9280','(11)2368-1770 (11)97417-0995','Alpha 7',NULL,NULL,NULL,'350','','Online',NULL,'8',NULL),(267,2,'Distribuidora Faustino ','Dracena','SP','2025-08-26','Implantação','Terça, Quarta 09:00','Raul','(18) 99795-4183','(18) 99800-5447','Master Loja ',NULL,NULL,NULL,'280','','Uno 12','2025-08-27','7',NULL),(268,3,'Farma Ultra Popular ','Itapeva','SP','2025-08-26','Implantação','Terça, Quarta 08:30','Ricardo','(15) 99614-1818','(15) 99670-9514','PharmaW',NULL,NULL,NULL,'250','','Uno 15','2025-08-27','7',NULL),(269,5,'Drogaria Farol','Taboão da Serra','SP','2025-08-25','Implantação','Terça, Quarta 08:00','Viviane','(11)99527-7131','(11)94748-3665','Lothus',NULL,NULL,NULL,'210','','Uno 11','2025-08-26','8',210.00),(270,5,'Farmacia Super Popular (Boituva)','Boituva','SP','2025-08-28','Implantação','Quinta, Sexta 08:00','Eliezer','(15) 3363-1212','(15) 99618-1099','SysFar',NULL,NULL,NULL,'350','','Uno 11','2025-08-29','7',1000.00),(271,3,'Farmacia Avenida ','Piraju','SP','2025-08-28','Implantação','Quinta, Sexta 08:00','Denilton','(14) 99706-6662','200','IndTec',NULL,NULL,NULL,'','','Uno 15','2025-08-29','7',NULL),(272,2,'Farmacia São Fransciso ','Pederneiras','SP','2025-08-28','Implantação','Quinta, Sexta 08:00','Andre','(14) 99658-0438','300','Trier',NULL,NULL,NULL,'','','Uno 12','2025-08-29','7',NULL),(273,5,'Farma Vida MF Marluci /','São Paulo','SP','2025-08-27','Implantação','Quarta 08:00','Francisca','(11)93004-1919','(11)98230-1363','Treinamento',NULL,NULL,NULL,'250','','Uno 11',NULL,'8',250.00),(274,3,'Padaria Indiana ','Ribeirão dos Índios','SP','2025-09-01','Implantação','Segunda 08:00','Daniel','(18) 99608-5321','103','Master Loja ',NULL,NULL,NULL,'','','Uno 12',NULL,'7',NULL),(275,1,'Vasconcelos Mat Const','Caiua','SP','2025-09-01','Implantação','Segunda 08:00','Daniel','(18) 99608-5321','103','Treinamento',NULL,NULL,NULL,'','','Uno 15',NULL,'4',NULL),(276,5,'Casa & Afeto Utilidades e Presentes Beatriz /','São Paulo','SP','2025-09-01','Implantação','Segunda, Terça 08:00','Paulo','(11)94400-7545','(11)98840-7162','Master Loja ',NULL,NULL,NULL,'150','','Uno 11','2025-09-02','8',150.00),(277,1,'Drogaria Zanini Quinta Colina ','Olímpia','SP','2025-09-02','Implantação','Terça, Quarta 08:00','Robson','(17) 3279-7034','(17) 98169-1889 (17) 98136-0963','Master Pharma ',NULL,NULL,NULL,'280','','Uno 15','2025-09-03','7',NULL),(278,3,'Drogaria Nossa Senhora Aparecida Natalia ou','Iacanga','SP','2025-09-02','Implantação','Terça, Quarta 08:00','Hugo','(14) 99727-2060','(14) 99741-6268','VSM',NULL,NULL,NULL,'280','','Uno 12','2025-09-03','7',NULL),(279,2,'Master Solar  Vitor ou','Álvares Machado','SP','2025-09-02','Implantação','Terça, Quarta 08:00','Dionata','(18) 99614-9365','(18) 98121-5825','Master Loja ',NULL,NULL,NULL,'','','Uno 13','2025-09-03','7',NULL),(280,5,'Domi Modas Leticia /','São Paulo','SP','2025-09-03','Implantação','Quarta, Quinta 08:00','Maria','(11)91710-7192','(11)91277-7777','Master Loja',NULL,NULL,NULL,'150','','Uno 11','2025-09-04','8',500.00),(281,1,'Drogaria Drogamar','Rancharia','SP','2025-09-04','Visita','Quinta 08:00','Marcia','(18) 3265-2536','','Treinamento',NULL,NULL,NULL,'','','Uno 13',NULL,'4',NULL),(282,5,'QUARTEIRAO DA SAUDE (DIADEMA)','Diadema','SP','2025-09-05','Visita','TREINAMENTO NOVO PROPRIETARIO','DANIEL','(11) 4056-2246','','TREINAMENTO',NULL,NULL,NULL,'','','Uno 11',NULL,'4',NULL),(283,1,'CDB Distribuidora ','Cabralia Paulista','SP','2025-09-08','Implantação','Segunda 08:00','Luis','(11) 99914-6722','(11) 91296-0402','Master Loja ',NULL,NULL,NULL,'213','','Uno 15',NULL,'7',NULL),(284,1,'Lagos Farma ','Apiai','SP','2025-09-09','Implantação','Terça, Quarta 08:00','Rejane','(15) 99728-2166','(15) 99792-6135','Inova Farma ',NULL,NULL,NULL,'250','','Uno 15','2025-09-10','7',450.00),(285,5,'Drogaria Fatima Eric /','Taboão da Serra','SP','2025-09-09','Implantação','Terça, Quarta 08:00','Onésio','(11)4137-4281','(11)95068-1058 (11)99684-4723','Milenio',NULL,NULL,NULL,'220','','Uno 11','2025-09-10','8',NULL),(287,5,'Medifarma Drogaria Irá / Gilda /','Guarulhos','SP','2025-09-11','Implantação','Quinta, Sexta 08:00','Neuma','(11)2498-1482','(11)99475-6327 (11)96257-4043','PharmaW',NULL,NULL,NULL,'220','','Uno 11','2025-09-12','8',200.00),(288,1,'Drogaria Padrão ','Itabera','SP','2025-09-11','Implantação','Quinta, Sexta 08:00','Rosana','(15) 3562-1118','(15) 99722-0180 (15) 99833-0343','Sigma ',NULL,NULL,NULL,'','','Uno 15','2025-09-12','7',NULL),(292,1,'Cirurgica Central Med','Presidente Prudente','SP','2025-09-11','Implantação','Quinta 08:00','Vander','(18) 99825-1030','','Treinamento',NULL,NULL,NULL,'','','Uno 13',NULL,'4',NULL),(294,1,'Alho Real Jose','Presidente Prudente','SP','2025-09-12','Implantação','Sexta 08:00','Carlos','(18)3909-1800','(18)99637-0047','Master Loja',NULL,NULL,NULL,'123','','Uno 13',NULL,'4',NULL),(297,3,'Drogaria Imperio','Óleo','SP','2025-09-16','Implantação','Terça, Quarta 08:00','Eduardo','(14) 99679-2738','(15) 99741-8193','Trier ',NULL,NULL,NULL,'265','','Uno 13','2025-09-17','7',NULL),(298,1,'Mercado Express','Presidente Prudente','SP','2025-09-16','Implantação','Terça, Quarta 08:00','Gabriela','(18) 98825-2296','','Treinamento ',NULL,NULL,NULL,'','','Uno 12','2025-09-17','7',NULL),(300,2,'Drogaria Nossa Senhora Aparecida ','Borborema','SP','2025-09-18','Implantação','Quinta, Sexta 08:00','Carmenluce','(16) 3266-1457','(16) 99601-1090','Farma Pro ',NULL,NULL,NULL,'200','','Uno 15','2025-09-19','7',NULL),(301,5,'Linda Farma','São Paulo','SP','2025-09-16','Implantação','Terça, Quarta 08:00','Bruno','(11)95481-0912','250','PharmaW',NULL,NULL,NULL,'','','Uno 11','2025-09-17','8',NULL),(302,5,'DyPharma Lj 2','Itatiba','SP','2025-09-18','Implantação','Quinta, Sexta 08:00','Rosana','(11) 4594-2004','250','PharmaW',NULL,NULL,NULL,'','','Uno 11','2025-09-19','7',NULL),(303,1,'Farmacia Montoia','Iepe','SP','2025-09-18','Implantação','Quinta 08:00','Joao','(18)99788-7191','','Treinamento',NULL,NULL,NULL,'','','Uno 12',NULL,'4',NULL),(304,1,'Distribuidora e Drogaria Poiati','Mirassol','SP','2025-09-19','Implantação','Sexta 08:00','Alexandre','(17) 99670-6191','98','Pharma W',NULL,NULL,NULL,'','','Online',NULL,'7',NULL),(305,10,'Drogaria Preço Melhor','São Paulo','SP','2025-09-19','Implantação','Sexta 08:00','Vinicius','(11)95715-1137','233','Pharma W',NULL,NULL,NULL,'','','Online',NULL,'8',NULL),(306,5,'Linda Farma','São Paulo','SP','2025-09-22','Implantação','Segunda, Terça 08:00','Bruno','(11)95481-0912','250','PharmaW',NULL,NULL,NULL,'','','Uno 11','2025-09-23','8',NULL),(307,2,'Athena Celulares ','','MS','2025-09-24','Implantação','Terça, Quarta 08:00','Jessica','(67) 99699-1617','(67) 99613-7250','Master Loja ',NULL,NULL,NULL,'180','','Uno 13','2025-09-25','7',450.00),(308,5,'Medifarma Drogaria Irá / Gilda /','Guarulhos','SP','2025-09-24','Implantação','Quarta, Quinta 08:00','Neuma','(11)2498-1482','(11)99475-6327 (11)96257-4043','PharmaW',NULL,NULL,NULL,'220','','Uno 11','2025-09-25','8',200.00),(309,5,'Pharma DrogaMax','Osasco','SP','2025-09-25','Implantação','Quinta, Sexta 08:00','João','(11)4384-9042','(11)93801-4776','Simfarma',NULL,NULL,NULL,'250','','Uno 11','2025-09-26','8',NULL),(310,1,'MT Suplementos, Alimentos e Suprimentos ','Tangara da Serra','MT','2025-09-24','Implantação','Quarta 08:00','Fabio','(67) 3326-1481','(67)  99987-1769','Master Loja ',NULL,NULL,NULL,'220','','Online',NULL,'7',220.00);
/*!40000 ALTER TABLE `implantacoes` ENABLE KEYS */;
UNLOCK TABLES;

--
-- Table structure for table `mensagens_enviadas`
--

DROP TABLE IF EXISTS `mensagens_enviadas`;
/*!40101 SET @saved_cs_client     = @@character_set_client */;
/*!50503 SET character_set_client = utf8mb4 */;
CREATE TABLE `mensagens_enviadas` (
  `id` bigint unsigned NOT NULL AUTO_INCREMENT,
  `tecnico_id` int NOT NULL,
  `whatsapp_id` text,
  `mensagem_texto` text,
  `resposta_recebida` tinyint(1) DEFAULT '0',
  `data_envio` timestamp NULL DEFAULT CURRENT_TIMESTAMP,
  `data_resposta` timestamp NULL DEFAULT NULL,
  `resposta_texto` varchar(10) DEFAULT NULL,
  `resposta_vizualizada` int DEFAULT '0',
  PRIMARY KEY (`id`),
  UNIQUE KEY `id` (`id`)
) ENGINE=InnoDB AUTO_INCREMENT=148 DEFAULT CHARSET=utf8mb4 COLLATE=utf8mb4_0900_ai_ci;
/*!40101 SET character_set_client = @saved_cs_client */;

--
-- Dumping data for table `mensagens_enviadas`
--

LOCK TABLES `mensagens_enviadas` WRITE;
/*!40000 ALTER TABLE `mensagens_enviadas` DISABLE KEYS */;
INSERT INTO `mensagens_enviadas` VALUES (1,4,'true_5518988043123@c.us_3EB027BB7CBCB62BB5E637','*📋 RELATÓRIO DE IMPLANTAÇÕES AGENDADAS*\n\nTotal de agendamentos: 0\n\n',0,'2025-06-01 03:32:12',NULL,NULL,1),(2,1,'true_5518988043123@c.us_3EB0F5DA447AC6CA2D2890','*📋 AGENDAMENTOS PARA MATEUS*\n\n➖➖➖➖➖➖➖➖➖\n*AGENDAMENTO 2*\n\n📋 *Farmanove Vera Cruz*\n📅 29/05/2025 a 30/05/2025\n📍 Vera Cruz, SP\n🔧 Implantação | 🚗 Uno 12\n💻 Conversão: Trier \n👤 Contato: Marcelo\n📞 Telefones: (14) 3492-1173 / (14) 99164-6748\n📝 Obs: Quinta, Sexta 08:00\n➖➖➖➖➖➖➖➖➖\n\n*Para CONFIRMAR, responda com:*\n✅ SIM - Recebi e entendi\n❌ NÃO - Preciso de ajuda\n\n_Esta confirmação será enviada automaticamente_\n➖➖➖➖➖➖➖➖➖\nTotal: 1 agendamento(s)',0,'2025-06-01 03:49:58',NULL,NULL,1),(3,5,'true_5518988043123@c.us_3EB07F32A3BABBD86CA5A6','*📋 AGENDAMENTOS PARA GUILHERME*\n\n➖➖➖➖➖➖➖➖➖\n*AGENDAMENTO 1*\n\n📋 *Nelfarma*\n📅 27/05/2025 a 28/05/2025\n📍 Franco da Rocha /, SP\n🔧 Implantação | 🚗 Uno 11\n💻 Conversão: PharmaW\n👤 Contato: Daniel\n📞 Telefones: (11)4118-4639 / (11)94103-3676 (11)99565-4659\n📝 Obs: Terça, Quarta 08:30\n➖➖➖➖➖➖➖➖➖\n\n➖➖➖➖➖➖➖➖➖\n*AGENDAMENTO 3*\n\n📋 *Drogaria e Cirúrgica São Francisco*\n📅 29/05/2025 a 30/05/2025\n📍 Bragança Paulista, SP\n🔧 Implantação | 🚗 Uno 12\n💻 Conversão: Tech Farma\n👤 Contato: Ana\n📞 Telefones: (11)2277-1000 / (11)97259-1213 (11)98421-6432\n📝 Obs: Quinta, Sexta 08:00\n➖➖➖➖➖➖➖➖➖\n\n*Para CONFIRMAR, responda com:*\n✅ SIM - Recebi e entendi\n❌ NÃO - Preciso de ajuda\n\n_Esta confirmação será enviada automaticamente_\n➖➖➖➖➖➖➖➖➖\nTotal: 2 agendamento(s)',0,'2025-06-01 03:50:13',NULL,NULL,1),(4,7,'true_5518988043123@c.us_3EB0D79F074B55630AE14D','*📋 IMPLANTAÇÕES AGENDADAS - LEONARDO*\n\n➖➖➖➖➖➖➖➖➖\n👨‍🔧 *Técnico:* Guilherme\n*AGENDAMENTO 1*\n\n📋 *Nelfarma*\n📅 27/05/2025 a 28/05/2025\n📍 Franco da Rocha /, SP\n🔧 Implantação | 🚗 Uno 11\n💻 Conversão: PharmaW\n👤 Contato: Daniel\n📞 Telefones: (11)4118-4639 / (11)94103-3676 (11)99565-4659\n📝 Obs: Terça, Quarta 08:30\n➖➖➖➖➖➖➖➖➖\n\n➖➖➖➖➖➖➖➖➖\n👨‍🔧 *Técnico:* Guilherme\n*AGENDAMENTO 3*\n\n📋 *Drogaria e Cirúrgica São Francisco*\n📅 29/05/2025 a 30/05/2025\n📍 Bragança Paulista, SP\n🔧 Implantação | 🚗 Uno 12\n💻 Conversão: Tech Farma\n👤 Contato: Ana\n📞 Telefones: (11)2277-1000 / (11)97259-1213 (11)98421-6432\n📝 Obs: Quinta, Sexta 08:00\n➖➖➖➖➖➖➖➖➖\n\n\n➖➖➖➖➖➖➖➖➖\nTotal: 2 agendamento(s)',0,'2025-06-01 03:50:28',NULL,NULL,1),(5,8,'true_5518981890799@c.us_3EB0C4AFFBDFE22FDA34C6','*📋 IMPLANTAÇÕES AGENDADAS - EDMILSON*\n\n➖➖➖➖➖➖➖➖➖\n👨‍🔧 *Técnico:* Mateus\n*AGENDAMENTO 2*\n\n📋 *Farmanove Vera Cruz*\n📅 29/05/2025 a 30/05/2025\n📍 Vera Cruz, SP\n🔧 Implantação | 🚗 Uno 12\n💻 Conversão: Trier \n👤 Contato: Marcelo\n📞 Telefones: (14) 3492-1173 / (14) 99164-6748\n📝 Obs: Quinta, Sexta 08:00\n➖➖➖➖➖➖➖➖➖\n\n\n➖➖➖➖➖➖➖➖➖\nTotal: 1 agendamento(s)',0,'2025-06-01 03:50:43',NULL,NULL,1),(6,1,'true_5518988043123@c.us_3EB0E1953BF183200ABD72','*📋 AGENDAMENTOS PARA MATEUS*\n\n➖➖➖➖➖➖➖➖➖\n*AGENDAMENTO 3*\n\n📋 *Farmacia Galeno *\n📅 27/05/2025 a 28/05/2025\n📍 Lupercio, SP\n🔧 Implantação | 🚗 Uno 13\n💻 Conversão: Trier \n👤 Contato: Marcelo\n📞 Telefones: (14) 99149-6648 / (14) 99741-1929\n📝 Obs: Terça, Quarta 08:00\n➖➖➖➖➖➖➖➖➖\n\n➖➖➖➖➖➖➖➖➖\n*AGENDAMENTO 6*\n\n📋 *Farmanove Vera Cruz*\n📅 29/05/2025 a 30/05/2025\n📍 Vera Cruz, SP\n🔧 Implantação | 🚗 Fiesta\n💻 Conversão: Trier \n👤 Contato: Marcelo\n📞 Telefones: (14) 3492-1173 / (14) 99164-6748\n📝 Obs: Quinta, Sexta 08:00\n➖➖➖➖➖➖➖➖➖\n\n*Para CONFIRMAR, responda com:*\n✅ SIM - Recebi e entendi\n❌ NÃO - Preciso de ajuda\n\n_Esta confirmação será enviada automaticamente_\n➖➖➖➖➖➖➖➖➖\nTotal: 2 agendamento(s)',0,'2025-06-01 05:38:15',NULL,NULL,1),(7,2,'true_5518988043123@c.us_3EB0C98923AC8E68ED3745','*📋 AGENDAMENTOS PARA CARLOS*\n\n➖➖➖➖➖➖➖➖➖\n*AGENDAMENTO 4*\n\n📋 *Drogaria Popular *\n📅 27/05/2025 a 28/05/2025\n📍 Valparaiso de Goiais, GO\n🔧 Implantação | 🚗 Uno 13\n💻 Conversão: PharmaW\n👤 Contato: Bernardo\n📞 Telefones: (61) 99354-5309\n📝 Obs: Terça, Quarta 08:30\n➖➖➖➖➖➖➖➖➖\n\n*Para CONFIRMAR, responda com:*\n✅ SIM - Recebi e entendi\n❌ NÃO - Preciso de ajuda\n\n_Esta confirmação será enviada automaticamente_\n➖➖➖➖➖➖➖➖➖\nTotal: 1 agendamento(s)',0,'2025-06-01 05:38:30',NULL,NULL,1),(8,3,'true_5518988043123@c.us_3EB08CF3B53DB40960A478','*📋 AGENDAMENTOS PARA VINICIUS*\n\n➖➖➖➖➖➖➖➖➖\n*AGENDAMENTO 2*\n\n📋 *Girassol Polpas *\n📅 27/05/2025 a 28/05/2025\n📍 Presidente Prudente, SP\n🔧 Implantação | 🚗 Uno 12\n💻 Conversão: Provenco \n👤 Contato: Bene\n📞 Telefones: (18) 99795-4910 / (18) 99610-0030\n📝 Obs: Terça, Quarta 08:00\n➖➖➖➖➖➖➖➖➖\n\n*Para CONFIRMAR, responda com:*\n✅ SIM - Recebi e entendi\n❌ NÃO - Preciso de ajuda\n\n_Esta confirmação será enviada automaticamente_\n➖➖➖➖➖➖➖➖➖\nTotal: 1 agendamento(s)',0,'2025-06-01 05:38:45',NULL,NULL,1),(9,5,'true_5518988043123@c.us_3EB01269EE753B8BC0C8AF','*📋 AGENDAMENTOS PARA GUILHERME*\n\n➖➖➖➖➖➖➖➖➖\n*AGENDAMENTO 1*\n\n📋 *Drogaria GJ Lj 1*\n📅 26/05/2025\n📍 São Paulo, SP\n🔧 Implantação | 🚗 Uno 11\n💻 Conversão: Treinamento\n👤 Contato: Gilberto\n📞 Telefones: (11)94998-4421\n📝 Obs: Segunda 08:00\n➖➖➖➖➖➖➖➖➖\n\n➖➖➖➖➖➖➖➖➖\n*AGENDAMENTO 5*\n\n📋 *Nelfarma*\n📅 27/05/2025 a 28/05/2025\n📍 Franco da Rocha /, SP\n🔧 Implantação | 🚗 Uno 11\n💻 Conversão: PharmaW\n👤 Contato: Daniel\n📞 Telefones: (11)4118-4639 / (11)94103-3676 (11)99565-4659\n📝 Obs: Terça, Quarta 08:30\n➖➖➖➖➖➖➖➖➖\n\n➖➖➖➖➖➖➖➖➖\n*AGENDAMENTO 7*\n\n📋 *Drogaria e Cirúrgica São Francisco*\n📅 29/05/2025 a 30/05/2025\n📍 Bragança Paulista, SP\n🔧 Implantação | 🚗 Uno 15\n💻 Conversão: Tech Farma\n👤 Contato: Ana\n📞 Telefones: (11)2277-1000 / (11)97259-1213 (11)98421-6432\n📝 Obs: Quinta, Sexta 08:00\n➖➖➖➖➖➖➖➖➖\n\n*Para CONFIRMAR, responda com:*\n✅ SIM - Recebi e entendi\n❌ NÃO - Preciso de ajuda\n\n_Esta confirmação será enviada automaticamente_\n➖➖➖➖➖➖➖➖➖\nTotal: 3 agendamento(s)',0,'2025-06-01 05:39:00',NULL,NULL,1),(10,4,'true_5518996716900@c.us_3EB0161E6059DA8FB5D723','*📋 IMPLANTAÇÕES AGENDADAS - ADM*\n\n➖➖➖➖➖➖➖➖➖\n👨‍🔧 *Técnico:* Guilherme\n*AGENDAMENTO 7*\n\n📋 *Drogaria e Cirúrgica São Francisco*\n📅 29/05/2025 a 30/05/2025\n📍 Bragança Paulista, SP\n🔧 Implantação | 🚗 Uno 15\n💻 Conversão: Tech Farma\n👤 Contato: Ana\n📞 Telefones: (11)2277-1000 / (11)97259-1213 (11)98421-6432\n📝 Obs: Quinta, Sexta 08:00\n➖➖➖➖➖➖➖➖➖\n\n\n➖➖➖➖➖➖➖➖➖\nTotal: 1 agendamento(s)',0,'2025-06-01 05:39:15',NULL,NULL,1),(11,7,'true_5518988043123@c.us_3EB08256D11ECE9D9BDF34','*📋 IMPLANTAÇÕES AGENDADAS - LEONARDO*\n\n➖➖➖➖➖➖➖➖➖\n👨‍🔧 *Técnico:* Guilherme\n*AGENDAMENTO 1*\n\n📋 *Drogaria GJ Lj 1*\n📅 26/05/2025\n📍 São Paulo, SP\n🔧 Implantação | 🚗 Uno 11\n💻 Conversão: Treinamento\n👤 Contato: Gilberto\n📞 Telefones: (11)94998-4421\n📝 Obs: Segunda 08:00\n➖➖➖➖➖➖➖➖➖\n\n➖➖➖➖➖➖➖➖➖\n👨‍🔧 *Técnico:* Vinicius\n*AGENDAMENTO 2*\n\n📋 *Girassol Polpas *\n📅 27/05/2025 a 28/05/2025\n📍 Presidente Prudente, SP\n🔧 Implantação | 🚗 Uno 12\n💻 Conversão: Provenco \n👤 Contato: Bene\n📞 Telefones: (18) 99795-4910 / (18) 99610-0030\n📝 Obs: Terça, Quarta 08:00\n➖➖➖➖➖➖➖➖➖\n\n➖➖➖➖➖➖➖➖➖\n👨‍🔧 *Técnico:* Mateus\n*AGENDAMENTO 3*\n\n📋 *Farmacia Galeno *\n📅 27/05/2025 a 28/05/2025\n📍 Lupercio, SP\n🔧 Implantação | 🚗 Uno 13\n💻 Conversão: Trier \n👤 Contato: Marcelo\n📞 Telefones: (14) 99149-6648 / (14) 99741-1929\n📝 Obs: Terça, Quarta 08:00\n➖➖➖➖➖➖➖➖➖\n\n➖➖➖➖➖➖➖➖➖\n👨‍🔧 *Técnico:* Guilherme\n*AGENDAMENTO 5*\n\n📋 *Nelfarma*\n📅 27/05/2025 a 28/05/2025\n📍 Franco da Rocha /, SP\n🔧 Implantação | 🚗 Uno 11\n💻 Conversão: PharmaW\n👤 Contato: Daniel\n📞 Telefones: (11)4118-4639 / (11)94103-3676 (11)99565-4659\n📝 Obs: Terça, Quarta 08:30\n➖➖➖➖➖➖➖➖➖\n\n➖➖➖➖➖➖➖➖➖\n👨‍🔧 *Técnico:* Mateus\n*AGENDAMENTO 6*\n\n📋 *Farmanove Vera Cruz*\n📅 29/05/2025 a 30/05/2025\n📍 Vera Cruz, SP\n🔧 Implantação | 🚗 Fiesta\n💻 Conversão: Trier \n👤 Contato: Marcelo\n📞 Telefones: (14) 3492-1173 / (14) 99164-6748\n📝 Obs: Quinta, Sexta 08:00\n➖➖➖➖➖➖➖➖➖\n\n\n➖➖➖➖➖➖➖➖➖\nTotal: 5 agendamento(s)',0,'2025-06-01 05:39:30',NULL,NULL,1),(12,8,'true_5518996716900@c.us_3EB0F2CE2C57FB31EC98F2','*📋 IMPLANTAÇÕES AGENDADAS - EDMILSON*\n\n➖➖➖➖➖➖➖➖➖\n👨‍🔧 *Técnico:* Carlos\n*AGENDAMENTO 4*\n\n📋 *Drogaria Popular *\n📅 27/05/2025 a 28/05/2025\n📍 Valparaiso de Goiais, GO\n🔧 Implantação | 🚗 Uno 13\n💻 Conversão: PharmaW\n👤 Contato: Bernardo\n📞 Telefones: (61) 99354-5309\n📝 Obs: Terça, Quarta 08:30\n➖➖➖➖➖➖➖➖➖\n\n\n➖➖➖➖➖➖➖➖➖\nTotal: 1 agendamento(s)',0,'2025-06-01 05:39:45',NULL,NULL,1),(13,1,'true_5518988043123@c.us_3EB0633DE9C27364010EEC','*📋 AGENDAMENTOS PARA MATEUS*\n\n➖➖➖➖➖➖➖➖➖\n*AGENDAMENTO 1*\n\n📋 *Drogaria e Cirúrgica São Francisco*\n📅 29/05/2025 a 30/05/2025\n📍 Bragança Paulista, SP\n🔧 Implantação | 🚗 Uno 11\n💻 Conversão: Tech Farma\n👤 Contato: Ana\n📞 Telefones: (11)2277-1000 / (11)97259-1213 (11)98421-6432\n📝 Obs: Quinta, Sexta 08:00\n➖➖➖➖➖➖➖➖➖\n\n*Para CONFIRMAR, responda com:*\n✅ SIM - Recebi e entendi\n❌ NÃO - Preciso de ajuda\n\n_Esta confirmação será enviada automaticamente_\n➖➖➖➖➖➖➖➖➖\nTotal: 1 agendamento(s)',0,'2025-06-01 05:50:01',NULL,NULL,1),(14,7,'true_5518988043123@c.us_3EB009B1CB3BA3C4EC17F9','*📋 IMPLANTAÇÕES AGENDADAS - LEONARDO*\n\n➖➖➖➖➖➖➖➖➖\n👨‍🔧 *Técnico:* Mateus\n*AGENDAMENTO 1*\n\n📋 *Drogaria e Cirúrgica São Francisco*\n📅 29/05/2025 a 30/05/2025\n📍 Bragança Paulista, SP\n🔧 Implantação | 🚗 Uno 11\n💻 Conversão: Tech Farma\n👤 Contato: Ana\n📞 Telefones: (11)2277-1000 / (11)97259-1213 (11)98421-6432\n📝 Obs: Quinta, Sexta 08:00\n➖➖➖➖➖➖➖➖➖\n\n\n➖➖➖➖➖➖➖➖➖\nTotal: 1 agendamento(s)',0,'2025-06-01 05:50:16',NULL,NULL,1),(15,1,'true_5518988043123@c.us_3EB0EC0499D317F8682B82','*📋 AGENDAMENTOS PARA MATEUS*\n\n➖➖➖➖➖➖➖➖➖\n*AGENDAMENTO 1*\n\n📋 *Farmanove Vera Cruz*\n📅 29/05/2025 a 30/05/2025\n📍 Vera Cruz, SP\n🔧 Implantação | 🚗 Uno 11\n💻 Conversão: Trier \n👤 Contato: Marcelo\n📞 Telefones: (14) 3492-1173 / (14) 99164-6748\n📝 Obs: Quinta, Sexta 08:00\n➖➖➖➖➖➖➖➖➖\n\n*Para CONFIRMAR, responda com:*\n✅ SIM - Recebi e entendi\n❌ NÃO - Preciso de ajuda\n\n_Esta confirmação será enviada automaticamente_\n➖➖➖➖➖➖➖➖➖\nTotal: 1 agendamento(s)',0,'2025-06-01 05:59:24',NULL,NULL,1),(16,5,'true_5518988043123@c.us_3EB0F7B71BB9E27348EFD9','*📋 AGENDAMENTOS PARA GUILHERME*\n\n➖➖➖➖➖➖➖➖➖\n*AGENDAMENTO 2*\n\n📋 *Drogaria e Cirúrgica São Francisco*\n📅 29/05/2025 a 30/05/2025\n📍 Bragança Paulista, SP\n🔧 Implantação | 🚗 Uno 12\n💻 Conversão: Tech Farma\n👤 Contato: Ana\n📞 Telefones: (11)2277-1000 / (11)97259-1213 (11)98421-6432\n📝 Obs: Quinta, Sexta 08:00\n➖➖➖➖➖➖➖➖➖\n\n*Para CONFIRMAR, responda com:*\n✅ SIM - Recebi e entendi\n❌ NÃO - Preciso de ajuda\n\n_Esta confirmação será enviada automaticamente_\n➖➖➖➖➖➖➖➖➖\nTotal: 1 agendamento(s)',0,'2025-06-01 05:59:39',NULL,NULL,1),(17,4,'true_5518996726900@c.us_3EB08BAF3E6155E17F579E','*📋 IMPLANTAÇÕES AGENDADAS - ADM*\n\n➖➖➖➖➖➖➖➖➖\n👨‍🔧 *Técnico:* Guilherme\n*AGENDAMENTO 2*\n\n📋 *Drogaria e Cirúrgica São Francisco*\n📅 29/05/2025 a 30/05/2025\n📍 Bragança Paulista, SP\n🔧 Implantação | 🚗 Uno 12\n💻 Conversão: Tech Farma\n👤 Contato: Ana\n📞 Telefones: (11)2277-1000 / (11)97259-1213 (11)98421-6432\n📝 Obs: Quinta, Sexta 08:00\n➖➖➖➖➖➖➖➖➖\n\n\n➖➖➖➖➖➖➖➖➖\nTotal: 1 agendamento(s)',0,'2025-06-01 05:59:54',NULL,NULL,1),(18,7,'true_5518988043123@c.us_3EB08ECCDA4FDA9DD08F02','*📋 IMPLANTAÇÕES AGENDADAS - LEONARDO*\n\n➖➖➖➖➖➖➖➖➖\n👨‍🔧 *Técnico:* Mateus\n*AGENDAMENTO 1*\n\n📋 *Farmanove Vera Cruz*\n📅 29/05/2025 a 30/05/2025\n📍 Vera Cruz, SP\n🔧 Implantação | 🚗 Uno 11\n💻 Conversão: Trier \n👤 Contato: Marcelo\n📞 Telefones: (14) 3492-1173 / (14) 99164-6748\n📝 Obs: Quinta, Sexta 08:00\n➖➖➖➖➖➖➖➖➖\n\n\n➖➖➖➖➖➖➖➖➖\nTotal: 1 agendamento(s)',0,'2025-06-01 06:00:09',NULL,NULL,1),(19,1,'true_5518988043123@c.us_3EB0CF181A601D0CE3BC28','*📋 AGENDAMENTOS PARA MATEUS*\n\n➖➖➖➖➖➖➖➖➖\n*AGENDAMENTO 1*\n\n📋 *Drogaria GJ Lj 1*\n📅 26/05/2025\n📍 São Paulo, SP\n🔧 Implantação | 🚗 Uno 11\n💻 Conversão: Treinamento\n👤 Contato: Gilberto\n📞 Telefones: (11)94998-4421\n📝 Obs: Segunda 08:00\n➖➖➖➖➖➖➖➖➖\n\n*Para CONFIRMAR, responda com:*\n✅ SIM - Recebi e entendi\n❌ NÃO - Preciso de ajuda\n\n_Esta confirmação será enviada automaticamente_\n➖➖➖➖➖➖➖➖➖\nTotal: 1 agendamento(s)',1,'2025-06-01 06:26:59','2025-06-01 06:30:21','Sim',1),(20,7,'true_5518988043123@c.us_3EB025459FD54600C992F5','*📋 IMPLANTAÇÕES AGENDADAS - LEONARDO*\n\n➖➖➖➖➖➖➖➖➖\n👨‍🔧 *Técnico:* Mateus\n*AGENDAMENTO 1*\n\n📋 *Drogaria GJ Lj 1*\n📅 26/05/2025\n📍 São Paulo, SP\n🔧 Implantação | 🚗 Uno 11\n💻 Conversão: Treinamento\n👤 Contato: Gilberto\n📞 Telefones: (11)94998-4421\n📝 Obs: Segunda 08:00\n➖➖➖➖➖➖➖➖➖\n\n\n➖➖➖➖➖➖➖➖➖\nTotal: 1 agendamento(s)',0,'2025-06-01 06:27:14',NULL,NULL,1),(21,1,'true_5518988043123@c.us_3EB007FF88B96B82E42ADD','*📋 AGENDAMENTOS PARA MATEUS*\n\n➖➖➖➖➖➖➖➖➖\n*AGENDAMENTO 1*\n\n📋 *Drogaria e Cirúrgica São Francisco*\n📅 29/05/2025 a 30/05/2025\n📍 Bragança Paulista, SP\n🔧 Implantação | 🚗 Uno 13\n💻 Conversão: Tech Farma\n👤 Contato: Ana\n📞 Telefones: (11)2277-1000 / (11)97259-1213 (11)98421-6432\n📝 Obs: Quinta, Sexta 08:00\n➖➖➖➖➖➖➖➖➖\n\n*Para CONFIRMAR, responda com:*\n✅ SIM - Recebi e entendi\n❌ NÃO - Preciso de ajuda\n\n_Esta confirmação será enviada automaticamente_\n➖➖➖➖➖➖➖➖➖\nTotal: 1 agendamento(s)',1,'2025-06-01 06:31:13','2025-06-01 06:31:20','Sim',1),(22,7,'true_5518988043123@c.us_3EB0174AA1A44E5513643D','*📋 IMPLANTAÇÕES AGENDADAS - LEONARDO*\n\n➖➖➖➖➖➖➖➖➖\n👨‍🔧 *Técnico:* Mateus\n*AGENDAMENTO 1*\n\n📋 *Drogaria e Cirúrgica São Francisco*\n📅 29/05/2025 a 30/05/2025\n📍 Bragança Paulista, SP\n🔧 Implantação | 🚗 Uno 13\n💻 Conversão: Tech Farma\n👤 Contato: Ana\n📞 Telefones: (11)2277-1000 / (11)97259-1213 (11)98421-6432\n📝 Obs: Quinta, Sexta 08:00\n➖➖➖➖➖➖➖➖➖\n\n\n➖➖➖➖➖➖➖➖➖\nTotal: 1 agendamento(s)',0,'2025-06-01 06:31:28',NULL,NULL,1),(23,1,'true_5518988043123@c.us_3EB0BAAC713D7C2B21E291','*📋 AGENDAMENTOS PARA MATEUS*\n\n➖➖➖➖➖➖➖➖➖\n*AGENDAMENTO 1*\n\n📋 *Drogaria e Cirúrgica São Francisco*\n📅 29/05/2025 a 30/05/2025\n📍 Bragança Paulista, SP\n🔧 Implantação | 🚗 Uno 11\n💻 Conversão: Tech Farma\n👤 Contato: Ana\n📞 Telefones: (11)2277-1000 / (11)97259-1213 (11)98421-6432\n📝 Obs: Quinta, Sexta 08:00\n➖➖➖➖➖➖➖➖➖\n\n*Para CONFIRMAR, responda com:*\n✅ SIM - Recebi e entendi\n❌ NÃO - Preciso de ajuda\n\n_Esta confirmação será enviada automaticamente_\n➖➖➖➖➖➖➖➖➖\nTotal: 1 agendamento(s)',1,'2025-06-01 06:34:41','2025-06-01 06:36:14','SIM',1),(24,7,'true_5518988043123@c.us_3EB0C5C556D7DE5CD0969C','*📋 IMPLANTAÇÕES AGENDADAS - LEONARDO*\n\n➖➖➖➖➖➖➖➖➖\n👨‍🔧 *Técnico:* Mateus\n*AGENDAMENTO 1*\n\n📋 *Drogaria e Cirúrgica São Francisco*\n📅 29/05/2025 a 30/05/2025\n📍 Bragança Paulista, SP\n🔧 Implantação | 🚗 Uno 11\n💻 Conversão: Tech Farma\n👤 Contato: Ana\n📞 Telefones: (11)2277-1000 / (11)97259-1213 (11)98421-6432\n📝 Obs: Quinta, Sexta 08:00\n➖➖➖➖➖➖➖➖➖\n\n\n➖➖➖➖➖➖➖➖➖\nTotal: 1 agendamento(s)',0,'2025-06-01 06:34:56',NULL,NULL,1),(25,1,'true_5518988043123@c.us_3EB05F67F103617F93D5A7','*📋 AGENDAMENTOS PARA MATEUS*\n\n➖➖➖➖➖➖➖➖➖\n*AGENDAMENTO 3*\n\n📋 *Farmacia Galeno *\n📅 27/05/2025 a 28/05/2025\n📍 Lupercio, SP\n🔧 Implantação | 🚗 Uno 15\n💻 Conversão: Trier \n👤 Contato: Marcelo\n📞 Telefones: (14) 99149-6648 / (14) 99741-1929\n📝 Obs: Terça, Quarta 08:00\n➖➖➖➖➖➖➖➖➖\n\n➖➖➖➖➖➖➖➖➖\n*AGENDAMENTO 6*\n\n📋 *Farmanove Vera Cruz*\n📅 29/05/2025 a 30/05/2025\n📍 Vera Cruz, SP\n🔧 Implantação | 🚗 Uno 15\n💻 Conversão: Trier \n👤 Contato: Marcelo\n📞 Telefones: (14) 3492-1173 / (14) 99164-6748\n📝 Obs: Quinta, Sexta 08:00\n➖➖➖➖➖➖➖➖➖\n\n*Para CONFIRMAR, responda com:*\n✅ SIM - Recebi e entendi\n❌ NÃO - Preciso de ajuda\n\n_Esta confirmação será enviada automaticamente_\n➖➖➖➖➖➖➖➖➖\nTotal: 2 agendamento(s)',0,'2025-06-01 20:47:42',NULL,NULL,1),(26,2,'true_5518988043123@c.us_3EB0794A6D75A6F3001C65','*📋 AGENDAMENTOS PARA CARLOS*\n\n➖➖➖➖➖➖➖➖➖\n*AGENDAMENTO 4*\n\n📋 *Drogaria Popular *\n📅 27/05/2025 a 28/05/2025\n📍 Valparaiso de Goiais, GO\n🔧 Implantação | 🚗 Online\n💻 Conversão: PharmaW\n👤 Contato: Bernardo\n📞 Telefones: (61) 99354-5309\n📝 Obs: Terça, Quarta 08:30\n➖➖➖➖➖➖➖➖➖\n\n*Para CONFIRMAR, responda com:*\n✅ SIM - Recebi e entendi\n❌ NÃO - Preciso de ajuda\n\n_Esta confirmação será enviada automaticamente_\n➖➖➖➖➖➖➖➖➖\nTotal: 1 agendamento(s)',0,'2025-06-01 20:47:57',NULL,NULL,1),(27,3,'true_5518988043123@c.us_3EB0C1976A862AE2FC07D3','*📋 AGENDAMENTOS PARA VINICIUS*\n\n➖➖➖➖➖➖➖➖➖\n*AGENDAMENTO 2*\n\n📋 *Girassol Polpas *\n📅 27/05/2025 a 28/05/2025\n📍 Presidente Prudente, SP\n🔧 Implantação | 🚗 Uno 13\n💻 Conversão: Provenco \n👤 Contato: Bene\n📞 Telefones: (18) 99795-4910 / (18) 99610-0030\n📝 Obs: Terça, Quarta 08:00\n➖➖➖➖➖➖➖➖➖\n\n*Para CONFIRMAR, responda com:*\n✅ SIM - Recebi e entendi\n❌ NÃO - Preciso de ajuda\n\n_Esta confirmação será enviada automaticamente_\n➖➖➖➖➖➖➖➖➖\nTotal: 1 agendamento(s)',0,'2025-06-01 20:48:12',NULL,NULL,1),(28,5,'true_5518988043123@c.us_3EB09F14D65D3583CDE9C1','*📋 AGENDAMENTOS PARA GUILHERME*\n\n➖➖➖➖➖➖➖➖➖\n*AGENDAMENTO 1*\n\n📋 *Drogaria GJ Lj 1*\n📅 26/05/2025\n📍 São Paulo, SP\n🔧 Implantação | 🚗 Uno 11\n💻 Conversão: Treinamento\n👤 Contato: Gilberto\n📞 Telefones: (11)94998-4421\n📝 Obs: Segunda 08:00\n➖➖➖➖➖➖➖➖➖\n\n➖➖➖➖➖➖➖➖➖\n*AGENDAMENTO 5*\n\n📋 *Nelfarma*\n📅 27/05/2025 a 28/05/2025\n📍 Franco da Rocha /, SP\n🔧 Implantação | 🚗 Uno 11\n💻 Conversão: PharmaW\n👤 Contato: Daniel\n📞 Telefones: (11)4118-4639 / (11)94103-3676 (11)99565-4659\n📝 Obs: Terça, Quarta 08:30\n➖➖➖➖➖➖➖➖➖\n\n➖➖➖➖➖➖➖➖➖\n*AGENDAMENTO 7*\n\n📋 *Drogaria e Cirúrgica São Francisco*\n📅 29/05/2025 a 30/05/2025\n📍 Bragança Paulista, SP\n🔧 Implantação | 🚗 Uno 11\n💻 Conversão: Tech Farma\n👤 Contato: Ana\n📞 Telefones: (11)2277-1000 / (11)97259-1213 (11)98421-6432\n📝 Obs: Quinta, Sexta 08:00\n➖➖➖➖➖➖➖➖➖\n\n*Para CONFIRMAR, responda com:*\n✅ SIM - Recebi e entendi\n❌ NÃO - Preciso de ajuda\n\n_Esta confirmação será enviada automaticamente_\n➖➖➖➖➖➖➖➖➖\nTotal: 3 agendamento(s)',0,'2025-06-01 20:48:27',NULL,NULL,1),(29,7,'true_5518988043123@c.us_3EB06DDE6611B46AE6118D','*📋 IMPLANTAÇÕES AGENDADAS - LEONARDO*\n\n➖➖➖➖➖➖➖➖➖\n👨‍🔧 *Técnico:* Vinicius\n*AGENDAMENTO 2*\n\n📋 *Girassol Polpas *\n📅 27/05/2025 a 28/05/2025\n📍 Presidente Prudente, SP\n🔧 Implantação | 🚗 Uno 13\n💻 Conversão: Provenco \n👤 Contato: Bene\n📞 Telefones: (18) 99795-4910 / (18) 99610-0030\n📝 Obs: Terça, Quarta 08:00\n➖➖➖➖➖➖➖➖➖\n\n➖➖➖➖➖➖➖➖➖\n👨‍🔧 *Técnico:* Mateus\n*AGENDAMENTO 3*\n\n📋 *Farmacia Galeno *\n📅 27/05/2025 a 28/05/2025\n📍 Lupercio, SP\n🔧 Implantação | 🚗 Uno 15\n💻 Conversão: Trier \n👤 Contato: Marcelo\n📞 Telefones: (14) 99149-6648 / (14) 99741-1929\n📝 Obs: Terça, Quarta 08:00\n➖➖➖➖➖➖➖➖➖\n\n➖➖➖➖➖➖➖➖➖\n👨‍🔧 *Técnico:* Carlos\n*AGENDAMENTO 4*\n\n📋 *Drogaria Popular *\n📅 27/05/2025 a 28/05/2025\n📍 Valparaiso de Goiais, GO\n🔧 Implantação | 🚗 Online\n💻 Conversão: PharmaW\n👤 Contato: Bernardo\n📞 Telefones: (61) 99354-5309\n📝 Obs: Terça, Quarta 08:30\n➖➖➖➖➖➖➖➖➖\n\n➖➖➖➖➖➖➖➖➖\n👨‍🔧 *Técnico:* Mateus\n*AGENDAMENTO 6*\n\n📋 *Farmanove Vera Cruz*\n📅 29/05/2025 a 30/05/2025\n📍 Vera Cruz, SP\n🔧 Implantação | 🚗 Uno 15\n💻 Conversão: Trier \n👤 Contato: Marcelo\n📞 Telefones: (14) 3492-1173 / (14) 99164-6748\n📝 Obs: Quinta, Sexta 08:00\n➖➖➖➖➖➖➖➖➖\n\n➖➖➖➖➖➖➖➖➖\n👨‍🔧 *Técnico:* Guilherme\n*AGENDAMENTO 7*\n\n📋 *Drogaria e Cirúrgica São Francisco*\n📅 29/05/2025 a 30/05/2025\n📍 Bragança Paulista, SP\n🔧 Implantação | 🚗 Uno 11\n💻 Conversão: Tech Farma\n👤 Contato: Ana\n📞 Telefones: (11)2277-1000 / (11)97259-1213 (11)98421-6432\n📝 Obs: Quinta, Sexta 08:00\n➖➖➖➖➖➖➖➖➖\n\n\n➖➖➖➖➖➖➖➖➖\nTotal: 5 agendamento(s)',0,'2025-06-01 20:48:42',NULL,NULL,1),(30,8,'true_5518996726900@c.us_3EB0EDE34261FAE640FFBC','*📋 IMPLANTAÇÕES AGENDADAS - EDMILSON*\n\n➖➖➖➖➖➖➖➖➖\n👨‍🔧 *Técnico:* Guilherme\n*AGENDAMENTO 1*\n\n📋 *Drogaria GJ Lj 1*\n📅 26/05/2025\n📍 São Paulo, SP\n🔧 Implantação | 🚗 Uno 11\n💻 Conversão: Treinamento\n👤 Contato: Gilberto\n📞 Telefones: (11)94998-4421\n📝 Obs: Segunda 08:00\n➖➖➖➖➖➖➖➖➖\n\n➖➖➖➖➖➖➖➖➖\n👨‍🔧 *Técnico:* Guilherme\n*AGENDAMENTO 5*\n\n📋 *Nelfarma*\n📅 27/05/2025 a 28/05/2025\n📍 Franco da Rocha /, SP\n🔧 Implantação | 🚗 Uno 11\n💻 Conversão: PharmaW\n👤 Contato: Daniel\n📞 Telefones: (11)4118-4639 / (11)94103-3676 (11)99565-4659\n📝 Obs: Terça, Quarta 08:30\n➖➖➖➖➖➖➖➖➖\n\n\n➖➖➖➖➖➖➖➖➖\nTotal: 2 agendamento(s)',0,'2025-06-01 20:48:58',NULL,NULL,1),(31,1,'true_5518988043123@c.us_3EB0762AAC7CCF5BD109CA','*📋 AGENDAMENTOS PARA MATEUS*\n\n➖➖➖➖➖➖➖➖➖\n*AGENDAMENTO 4*\n\n📋 *Kasameo Alambique*\n📅 03/06/2025 a 04/06/2025\n📍 Alfredo Marcondes, SP\n🔧 Implantação | 🚗 Uno 13\n💻 Conversão: Master Loja \n👤 Contato: Cristiane\n📞 Telefones: (18) 99184-3504 / (18) 99755-5911 / 135\n📝 Obs: Terça, Quarta 08:00\n➖➖➖➖➖➖➖➖➖\n\n*Para CONFIRMAR, responda com:*\n✅ SIM - Recebi e entendi\n❌ NÃO - Preciso de ajuda\n\n_Esta confirmação será enviada automaticamente_\n➖➖➖➖➖➖➖➖➖\nTotal: 1 agendamento(s)',0,'2025-06-02 11:27:38',NULL,NULL,1),(32,2,'true_5514998319380@c.us_3EB0F2837DCFAF00D691F7','*📋 AGENDAMENTOS PARA CARLOS*\n\n➖➖➖➖➖➖➖➖➖\n*AGENDAMENTO 3*\n\n📋 *Rafa*\n📅 03/06/2025 a 04/06/2025\n📍 Presidente Prudente, SP\n🔧 Implantação | 🚗 Uno 12\n💻 Conversão: Master Loja\n👤 Contato: Chopp\n📞 Telefones: (14) 99149-6648 / (14) 99741-1929\n📝 Obs: Terça, Quarta 08:00\n➖➖➖➖➖➖➖➖➖\n\n➖➖➖➖➖➖➖➖➖\n*AGENDAMENTO 8*\n\n📋 *Livraria Diocesana *\n📅 05/06/2025 a 06/06/2025\n📍 Presidente Prudente, SP\n🔧 Visita | 🚗 Uno 12\n💻 Conversão: Treinamento \n👤 Contato: João\n📞 Telefones: (18) 99785-3984\n📝 Obs: Quinta, Sexta 08:00\n➖➖➖➖➖➖➖➖➖\n\n*Para CONFIRMAR, responda com:*\n✅ SIM - Recebi e entendi\n❌ NÃO - Preciso de ajuda\n\n_Esta confirmação será enviada automaticamente_\n➖➖➖➖➖➖➖➖➖\nTotal: 2 agendamento(s)',0,'2025-06-02 11:27:53',NULL,NULL,1),(33,3,'true_5518981850150@c.us_3EB08C85049375EE416DFF','*📋 AGENDAMENTOS PARA VINICIUS*\n\n➖➖➖➖➖➖➖➖➖\n*AGENDAMENTO 5*\n\n📋 *Drogaria da Beleza  Edilson*\n📅 03/06/2025 a 04/06/2025\n📍 Álvares Machado, SP\n🔧 Implantação | 🚗 Uno 15\n💻 Conversão: PharmaW\n👤 Contato: Sabino\n📞 Telefones: (18) 99711-2159 / (18) 99661-8503 / 193\n📝 Obs: Terça, Quarta 08:00\n➖➖➖➖➖➖➖➖➖\n\n➖➖➖➖➖➖➖➖➖\n*AGENDAMENTO 7*\n\n📋 *Farmacia Avenida *\n📅 05/06/2025 a 06/06/2025\n📍 1 De Maio, PR\n🔧 Implantação | 🚗 Uno 15\n💻 Conversão: PharmaW\n👤 Contato: Leticia\n📞 Telefones: (43) 3235-1295 / (43) 99140-8790 / 280\n📝 Obs: Quinta, Sexta 08:00\n➖➖➖➖➖➖➖➖➖\n\n*Para CONFIRMAR, responda com:*\n✅ SIM - Recebi e entendi\n❌ NÃO - Preciso de ajuda\n\n_Esta confirmação será enviada automaticamente_\n➖➖➖➖➖➖➖➖➖\nTotal: 2 agendamento(s)',0,'2025-06-02 11:28:08',NULL,NULL,1),(34,5,'true_5518996669190@c.us_3EB069CABF95B0C5A26E3D','*📋 AGENDAMENTOS PARA GUILHERME*\n\n➖➖➖➖➖➖➖➖➖\n*AGENDAMENTO 1*\n\n📋 *Drogaria Max Farma Samara /*\n📅 02/06/2025\n📍 Guarulhos, SP\n🔧 Implantação | 🚗 Uno 11\n💻 Conversão: Treinamento\n👤 Contato: Marcelo\n📞 Telefones: (11)4803-4926 / (11) 95142-2097 / 300\n📝 Obs: Segunda 08:00\n➖➖➖➖➖➖➖➖➖\n\n➖➖➖➖➖➖➖➖➖\n*AGENDAMENTO 2*\n\n📋 *Drogaria Julipe*\n📅 03/06/2025 a 04/06/2025\n📍 São Paulo, SP\n🔧 Implantação | 🚗 Uno 11\n💻 Conversão: PharmaW\n💰 Taxa: R$200\n👤 Contato: Jane\n📞 Telefones: (11)96707-2378 / (11)97983-3776 / 250\n📝 Obs: Terça, Quarta 08:00\n➖➖➖➖➖➖➖➖➖\n\n➖➖➖➖➖➖➖➖➖\n*AGENDAMENTO 6*\n\n📋 *Restaurante 34*\n📅 05/06/2025 a 06/06/2025\n📍 Jandira, SP\n🔧 Implantação | 🚗 Uno 11\n💻 Conversão: Master Loja\n💰 Taxa: R$500\n👤 Contato: Carla\n📞 Telefones: (11)4618-0400 / (11)95060-0550 (11)96850-5860 / 150\n📝 Obs: Quinta, Sexta 08:00\n➖➖➖➖➖➖➖➖➖\n\n*Para CONFIRMAR, responda com:*\n✅ SIM - Recebi e entendi\n❌ NÃO - Preciso de ajuda\n\n_Esta confirmação será enviada automaticamente_\n➖➖➖➖➖➖➖➖➖\nTotal: 3 agendamento(s)',0,'2025-06-02 11:28:23',NULL,NULL,1),(35,7,'true_5518981850202@c.us_3EB023B80F631205AF064D','*📋 IMPLANTAÇÕES AGENDADAS - LEONARDO*\n\n➖➖➖➖➖➖➖➖➖\n👨‍🔧 *Técnico:* Carlos\n*AGENDAMENTO 3*\n\n📋 *Rafa*\n📅 03/06/2025 a 04/06/2025\n📍 Presidente Prudente, SP\n🔧 Implantação | 🚗 Uno 12\n💻 Conversão: Master Loja\n👤 Contato: Chopp\n📞 Telefones: (14) 99149-6648 / (14) 99741-1929\n📝 Obs: Terça, Quarta 08:00\n➖➖➖➖➖➖➖➖➖\n\n➖➖➖➖➖➖➖➖➖\n👨‍🔧 *Técnico:* Mateus\n*AGENDAMENTO 4*\n\n📋 *Kasameo Alambique*\n📅 03/06/2025 a 04/06/2025\n📍 Alfredo Marcondes, SP\n🔧 Implantação | 🚗 Uno 13\n💻 Conversão: Master Loja \n👤 Contato: Cristiane\n📞 Telefones: (18) 99184-3504 / (18) 99755-5911 / 135\n📝 Obs: Terça, Quarta 08:00\n➖➖➖➖➖➖➖➖➖\n\n➖➖➖➖➖➖➖➖➖\n👨‍🔧 *Técnico:* Vinicius\n*AGENDAMENTO 5*\n\n📋 *Drogaria da Beleza  Edilson*\n📅 03/06/2025 a 04/06/2025\n📍 Álvares Machado, SP\n🔧 Implantação | 🚗 Uno 15\n💻 Conversão: PharmaW\n👤 Contato: Sabino\n📞 Telefones: (18) 99711-2159 / (18) 99661-8503 / 193\n📝 Obs: Terça, Quarta 08:00\n➖➖➖➖➖➖➖➖➖\n\n➖➖➖➖➖➖➖➖➖\n👨‍🔧 *Técnico:* Vinicius\n*AGENDAMENTO 7*\n\n📋 *Farmacia Avenida *\n📅 05/06/2025 a 06/06/2025\n📍 1 De Maio, PR\n🔧 Implantação | 🚗 Uno 15\n💻 Conversão: PharmaW\n👤 Contato: Leticia\n📞 Telefones: (43) 3235-1295 / (43) 99140-8790 / 280\n📝 Obs: Quinta, Sexta 08:00\n➖➖➖➖➖➖➖➖➖\n\n➖➖➖➖➖➖➖➖➖\n👨‍🔧 *Técnico:* Carlos\n*AGENDAMENTO 8*\n\n📋 *Livraria Diocesana *\n📅 05/06/2025 a 06/06/2025\n📍 Presidente Prudente, SP\n🔧 Visita | 🚗 Uno 12\n💻 Conversão: Treinamento \n👤 Contato: João\n📞 Telefones: (18) 99785-3984\n📝 Obs: Quinta, Sexta 08:00\n➖➖➖➖➖➖➖➖➖\n\n\n➖➖➖➖➖➖➖➖➖\nTotal: 5 agendamento(s)',0,'2025-06-02 11:28:38',NULL,NULL,1),(36,8,'true_5518981890799@c.us_3EB04EB5EFE9BCC28AF7AC','*📋 IMPLANTAÇÕES AGENDADAS - EDMILSON*\n\n➖➖➖➖➖➖➖➖➖\n👨‍🔧 *Técnico:* Guilherme\n*AGENDAMENTO 1*\n\n📋 *Drogaria Max Farma Samara /*\n📅 02/06/2025\n📍 Guarulhos, SP\n🔧 Implantação | 🚗 Uno 11\n💻 Conversão: Treinamento\n👤 Contato: Marcelo\n📞 Telefones: (11)4803-4926 / (11) 95142-2097 / 300\n📝 Obs: Segunda 08:00\n➖➖➖➖➖➖➖➖➖\n\n➖➖➖➖➖➖➖➖➖\n👨‍🔧 *Técnico:* Guilherme\n*AGENDAMENTO 2*\n\n📋 *Drogaria Julipe*\n📅 03/06/2025 a 04/06/2025\n📍 São Paulo, SP\n🔧 Implantação | 🚗 Uno 11\n💻 Conversão: PharmaW\n💰 Taxa: R$200\n👤 Contato: Jane\n📞 Telefones: (11)96707-2378 / (11)97983-3776 / 250\n📝 Obs: Terça, Quarta 08:00\n➖➖➖➖➖➖➖➖➖\n\n➖➖➖➖➖➖➖➖➖\n👨‍🔧 *Técnico:* Guilherme\n*AGENDAMENTO 6*\n\n📋 *Restaurante 34*\n📅 05/06/2025 a 06/06/2025\n📍 Jandira, SP\n🔧 Implantação | 🚗 Uno 11\n💻 Conversão: Master Loja\n💰 Taxa: R$500\n👤 Contato: Carla\n📞 Telefones: (11)4618-0400 / (11)95060-0550 (11)96850-5860 / 150\n📝 Obs: Quinta, Sexta 08:00\n➖➖➖➖➖➖➖➖➖\n\n\n➖➖➖➖➖➖➖➖➖\nTotal: 3 agendamento(s)',0,'2025-06-02 11:28:53',NULL,NULL,1),(37,2,'true_5514998319380@c.us_3EB0850081316C00CEF0B0','*📋 AGENDAMENTOS PARA CARLOS*\n\n➖➖➖➖➖➖➖➖➖\n*AGENDAMENTO 1*\n\n📋 *Drogaria e Cirúrgica São Francisco*\n📅 29/05/2025 a 30/05/2025\n📍 Bragança Paulista, SP\n🔧 Implantação | 🚗 Uno 11\n💻 Conversão: Tech Farma\n👤 Contato: Ana\n📞 Telefones: (11)2277-1000 / (11)97259-1213 (11)98421-6432\n📝 Obs: Quinta, Sexta 08:00\n➖➖➖➖➖➖➖➖➖\n\n*Para CONFIRMAR, responda com:*\n✅ SIM - Recebi e entendi\n❌ NÃO - Preciso de ajuda\n\n_Esta confirmação será enviada automaticamente_\n➖➖➖➖➖➖➖➖➖\nTotal: 1 agendamento(s)',1,'2025-06-02 13:41:44','2025-06-02 13:45:57','SIM',1),(38,4,'true_5518988043123@c.us_3EB099F2ED51A1856C0DDB','*📋 IMPLANTAÇÕES AGENDADAS - ADM*\n\n➖➖➖➖➖➖➖➖➖\n👨‍🔧 *Técnico:* Carlos\n*AGENDAMENTO 1*\n\n📋 *Drogaria e Cirúrgica São Francisco*\n📅 29/05/2025 a 30/05/2025\n📍 Bragança Paulista, SP\n🔧 Implantação | 🚗 Uno 11\n💻 Conversão: Tech Farma\n👤 Contato: Ana\n📞 Telefones: (11)2277-1000 / (11)97259-1213 (11)98421-6432\n📝 Obs: Quinta, Sexta 08:00\n➖➖➖➖➖➖➖➖➖\n\n\n➖➖➖➖➖➖➖➖➖\nTotal: 1 agendamento(s)',0,'2025-06-02 13:41:59',NULL,NULL,1),(39,2,'true_5514998319380@c.us_3EB08D5948C3E03F5E4453','*📋 AGENDAMENTOS PARA CARLOS*\n\n➖➖➖➖➖➖➖➖➖\n*AGENDAMENTO 1*\n\n📋 *Drogaria GJ Lj 1*\n📅 26/05/2025\n📍 São Paulo, SP\n🔧 Implantação | 🚗 Uno 11\n💻 Conversão: Treinamento\n👤 Contato: Gilberto\n📞 Telefones: (11)94998-4421\n📝 Obs: Segunda 08:00\n➖➖➖➖➖➖➖➖➖\n\n*Para CONFIRMAR, responda com:*\n✅ SIM - Recebi e entendi\n❌ NÃO - Preciso de ajuda\n\n_Esta confirmação será enviada automaticamente_\n➖➖➖➖➖➖➖➖➖\nTotal: 1 agendamento(s)',1,'2025-06-02 13:49:16','2025-06-02 13:49:35','Sim',1),(40,4,'true_5518988043123@c.us_3EB09AAD79D4510F0D4D01','*📋 IMPLANTAÇÕES AGENDADAS - ADM*\n\n➖➖➖➖➖➖➖➖➖\n👨‍🔧 *Técnico:* Carlos\n*AGENDAMENTO 1*\n\n📋 *Drogaria GJ Lj 1*\n📅 26/05/2025\n📍 São Paulo, SP\n🔧 Implantação | 🚗 Uno 11\n💻 Conversão: Treinamento\n👤 Contato: Gilberto\n📞 Telefones: (11)94998-4421\n📝 Obs: Segunda 08:00\n➖➖➖➖➖➖➖➖➖\n\n\n➖➖➖➖➖➖➖➖➖\nTotal: 1 agendamento(s)',0,'2025-06-02 13:49:31',NULL,NULL,1),(41,2,'true_5518997014612@c.us_3EB0DAF460CB65A0766F36','*📋 AGENDAMENTOS PARA CARLOS*\n\n➖➖➖➖➖➖➖➖➖\n*AGENDAMENTO 1*\n\n📋 *Drogaria e Cirúrgica São Francisco*\n📅 29/05/2025 a 30/05/2025\n📍 Bragança Paulista, SP\n🔧 Implantação | 🚗 Uno 11\n💻 Conversão: Tech Farma\n👤 Contato: Ana\n📞 Telefones: (11)2277-1000 / (11)97259-1213 (11)98421-6432\n📝 Obs: Quinta, Sexta 08:00\n➖➖➖➖➖➖➖➖➖\n\n*Para CONFIRMAR, selecione a mensagem e responda com:*\n✅ SIM\n_Esta confirmação será enviada automaticamente_\n➖➖➖➖➖➖➖➖➖\nTotal: 1 agendamento(s)',1,'2025-06-03 14:26:52','2025-06-03 14:27:21','SIM',1),(42,4,'true_5518988043123@c.us_3EB0B5A0DFD8D09EDE0847','*📋 IMPLANTAÇÕES AGENDADAS - ADM*\n\n➖➖➖➖➖➖➖➖➖\n👨‍🔧 *Técnico:* Carlos\n*AGENDAMENTO 1*\n\n📋 *Drogaria e Cirúrgica São Francisco*\n📅 29/05/2025 a 30/05/2025\n📍 Bragança Paulista, SP\n🔧 Implantação | 🚗 Uno 11\n💻 Conversão: Tech Farma\n👤 Contato: Ana\n📞 Telefones: (11)2277-1000 / (11)97259-1213 (11)98421-6432\n📝 Obs: Quinta, Sexta 08:00\n➖➖➖➖➖➖➖➖➖\n\n\n➖➖➖➖➖➖➖➖➖\nTotal: 1 agendamento(s)',0,'2025-06-03 14:27:07',NULL,NULL,1),(43,2,'true_5518997014612@c.us_3EB083984A08C00A3E2065','*📋 AGENDAMENTOS PARA CARLOS*\n\n➖➖➖➖➖➖➖➖➖\n*AGENDAMENTO 1*\n\n📋 *Drogaria e Cirúrgica São Francisco*\n📅 29/05/2025 a 30/05/2025\n📍 Bragança Paulista, SP\n🔧 Implantação | 🚗 Uno 11\n💻 Conversão: Tech Farma\n👤 Contato: Ana\n📞 Telefones: (11)2277-1000 / (11)97259-1213 (11)98421-6432\n📝 Obs: Quinta, Sexta 08:00\n➖➖➖➖➖➖➖➖➖\n\n*Para CONFIRMAR, selecione a mensagem e responda com:*\n✅ SIM\n_Esta confirmação será enviada automaticamente_\n➖➖➖➖➖➖➖➖➖\nTotal: 1 agendamento(s)',1,'2025-06-03 14:41:58','2025-06-03 14:42:09','Sim',1),(44,4,'true_5518988043123@c.us_3EB0A853955B435E2B086C','*📋 IMPLANTAÇÕES AGENDADAS - ADM*\n\n➖➖➖➖➖➖➖➖➖\n👨‍🔧 *Técnico:* Carlos\n*AGENDAMENTO 1*\n\n📋 *Drogaria e Cirúrgica São Francisco*\n📅 29/05/2025 a 30/05/2025\n📍 Bragança Paulista, SP\n🔧 Implantação | 🚗 Uno 11\n💻 Conversão: Tech Farma\n👤 Contato: Ana\n📞 Telefones: (11)2277-1000 / (11)97259-1213 (11)98421-6432\n📝 Obs: Quinta, Sexta 08:00\n➖➖➖➖➖➖➖➖➖\n\n\n➖➖➖➖➖➖➖➖➖\nTotal: 1 agendamento(s)',0,'2025-06-03 14:42:13',NULL,NULL,1),(45,2,'true_5518997014612@c.us_3EB053A51A6ABB09C05C79','*📋 AGENDAMENTOS PARA CARLOS*\n\n➖➖➖➖➖➖➖➖➖\n*AGENDAMENTO 1*\n\n📋 *Drogaria GJ Lj 1*\n📅 26/05/2025\n📍 São Paulo, SP\n🔧 Implantação | 🚗 Uno 11\n💻 Conversão: Treinamento\n👤 Contato: Gilberto\n📞 Telefones: (11)94998-4421\n📝 Obs: Segunda 08:00\n➖➖➖➖➖➖➖➖➖\n\n*Para CONFIRMAR, selecione a mensagem e responda com:*\n✅ SIM\n_Esta confirmação será enviada automaticamente_\n➖➖➖➖➖➖➖➖➖\nTotal: 1 agendamento(s)',1,'2025-06-03 14:46:20','2025-06-03 14:47:54','Sim',1),(46,4,'true_5518988043123@c.us_3EB0EFBE5564F9D21CE703','*📋 IMPLANTAÇÕES AGENDADAS - ADM*\n\n➖➖➖➖➖➖➖➖➖\n👨‍🔧 *Técnico:* Carlos\n*AGENDAMENTO 1*\n\n📋 *Drogaria GJ Lj 1*\n📅 26/05/2025\n📍 São Paulo, SP\n🔧 Implantação | 🚗 Uno 11\n💻 Conversão: Treinamento\n👤 Contato: Gilberto\n📞 Telefones: (11)94998-4421\n📝 Obs: Segunda 08:00\n➖➖➖➖➖➖➖➖➖\n\n\n➖➖➖➖➖➖➖➖➖\nTotal: 1 agendamento(s)',0,'2025-06-03 14:46:35',NULL,NULL,1),(47,2,'true_5518997014612@c.us_3EB028138DE742911317CC','*📋 AGENDAMENTOS PARA CARLOS*\n\n➖➖➖➖➖➖➖➖➖\n*AGENDAMENTO 1*\n\n📋 *Drogaria e Cirúrgica São Francisco*\n📅 29/05/2025 a 30/05/2025\n📍 Bragança Paulista, SP\n🔧 Implantação | 🚗 Uno 11\n💻 Conversão: Tech Farma\n👤 Contato: Ana\n📞 Telefones: (11)2277-1000 / (11)97259-1213 (11)98421-6432\n📝 Obs: Quinta, Sexta 08:00\n➖➖➖➖➖➖➖➖➖\n\n*Para CONFIRMAR, selecione a mensagem e responda com:*\n✅ SIM\n_Esta confirmação será enviada automaticamente_\n➖➖➖➖➖➖➖➖➖\nTotal: 1 agendamento(s)',1,'2025-06-03 14:50:08','2025-06-03 14:50:19','Sim',1),(48,4,'true_5518988043123@c.us_3EB09B0798A9D7B891ACBC','*📋 IMPLANTAÇÕES AGENDADAS - ADM*\n\n➖➖➖➖➖➖➖➖➖\n👨‍🔧 *Técnico:* Carlos\n*AGENDAMENTO 1*\n\n📋 *Drogaria e Cirúrgica São Francisco*\n📅 29/05/2025 a 30/05/2025\n📍 Bragança Paulista, SP\n🔧 Implantação | 🚗 Uno 11\n💻 Conversão: Tech Farma\n👤 Contato: Ana\n📞 Telefones: (11)2277-1000 / (11)97259-1213 (11)98421-6432\n📝 Obs: Quinta, Sexta 08:00\n➖➖➖➖➖➖➖➖➖\n\n\n➖➖➖➖➖➖➖➖➖\nTotal: 1 agendamento(s)',0,'2025-06-03 14:50:23',NULL,NULL,1),(49,2,'true_5518997014612@c.us_3EB01057A9E036EEC7BB83','*📋 AGENDAMENTOS PARA CARLOS*\n\n➖➖➖➖➖➖➖➖➖\n*AGENDAMENTO 1*\n\n📋 *Drogaria e Cirúrgica São Francisco*\n📅 29/05/2025 a 30/05/2025\n📍 Bragança Paulista, SP\n🔧 Implantação | 🚗 Uno 11\n💻 Conversão: Tech Farma\n👤 Contato: Ana\n📞 Telefones: (11)2277-1000 / (11)97259-1213 (11)98421-6432\n📝 Obs: Quinta, Sexta 08:00\n➖➖➖➖➖➖➖➖➖\n\n*Para CONFIRMAR, selecione a mensagem e responda com:*\n✅ SIM\n_Esta confirmação será enviada automaticamente_\n➖➖➖➖➖➖➖➖➖\nTotal: 1 agendamento(s)',1,'2025-06-03 14:51:22','2025-06-03 14:51:27','Sim',1),(50,4,'true_5518988043123@c.us_3EB0AF5D63DC4657E64184','*📋 IMPLANTAÇÕES AGENDADAS - ADM*\n\n➖➖➖➖➖➖➖➖➖\n👨‍🔧 *Técnico:* Carlos\n*AGENDAMENTO 1*\n\n📋 *Drogaria e Cirúrgica São Francisco*\n📅 29/05/2025 a 30/05/2025\n📍 Bragança Paulista, SP\n🔧 Implantação | 🚗 Uno 11\n💻 Conversão: Tech Farma\n👤 Contato: Ana\n📞 Telefones: (11)2277-1000 / (11)97259-1213 (11)98421-6432\n📝 Obs: Quinta, Sexta 08:00\n➖➖➖➖➖➖➖➖➖\n\n\n➖➖➖➖➖➖➖➖➖\nTotal: 1 agendamento(s)',0,'2025-06-03 14:51:37',NULL,NULL,1),(51,1,'true_5518988043123@c.us_3EB03737C14D484F2E336A','*📋 AGENDAMENTOS PARA MATEUS*\n\n➖➖➖➖➖➖➖➖➖\n*AGENDAMENTO 1*\n\n📋 *Drogaria GJ Lj 1*\n📅 26/05/2025\n📍 São Paulo, SP\n🔧 Implantação | 🚗 Uno 11\n💻 Conversão: Treinamento\n👤 Contato: Gilberto\n📞 Telefones: (11)94998-4421\n📝 Obs: Segunda 08:00\n➖➖➖➖➖➖➖➖➖\n\n*Para CONFIRMAR, selecione a mensagem e responda com:*\n✅ SIM\n_Esta confirmação será enviada automaticamente_\n➖➖➖➖➖➖➖➖➖\nTotal: 1 agendamento(s)',1,'2025-06-03 16:43:12','2025-06-03 16:44:27','Sim',1),(52,4,'true_5518988043123@c.us_3EB04D2AB77FBA81855147','*📋 IMPLANTAÇÕES AGENDADAS - ADM*\n\n➖➖➖➖➖➖➖➖➖\n👨‍🔧 *Técnico:* Mateus\n*AGENDAMENTO 1*\n\n📋 *Drogaria GJ Lj 1*\n📅 26/05/2025\n📍 São Paulo, SP\n🔧 Implantação | 🚗 Uno 11\n💻 Conversão: Treinamento\n👤 Contato: Gilberto\n📞 Telefones: (11)94998-4421\n📝 Obs: Segunda 08:00\n➖➖➖➖➖➖➖➖➖\n\n\n➖➖➖➖➖➖➖➖➖\nTotal: 1 agendamento(s)',0,'2025-06-03 16:43:27',NULL,NULL,1),(53,1,'true_5518988043123@c.us_3EB09B1286EC92CE57FCEF','*📋 AGENDAMENTOS PARA MATEUS*\n\n➖➖➖➖➖➖➖➖➖\n*AGENDAMENTO 1*\n\n📋 *Drogaria e Cirúrgica São Francisco*\n📅 29/05/2025 a 30/05/2025\n📍 Bragança Paulista, SP\n🔧 Implantação | 🚗 Uno 11\n💻 Conversão: Tech Farma\n👤 Contato: Ana\n📞 Telefones: (11)2277-1000 / (11)97259-1213 (11)98421-6432\n📝 Obs: Quinta, Sexta 08:00\n➖➖➖➖➖➖➖➖➖\n\n*Para CONFIRMAR, selecione a mensagem e responda com:*\n✅ SIM\n_Esta confirmação será enviada automaticamente_\n➖➖➖➖➖➖➖➖➖\nTotal: 1 agendamento(s)',1,'2025-06-03 16:55:15','2025-06-03 16:56:33','Sim',1),(54,4,'true_5518988043123@c.us_3EB03934E0027CAC9DDCFF','*📋 IMPLANTAÇÕES AGENDADAS - ADM*\n\n➖➖➖➖➖➖➖➖➖\n👨‍🔧 *Técnico:* Mateus\n*AGENDAMENTO 1*\n\n📋 *Drogaria e Cirúrgica São Francisco*\n📅 29/05/2025 a 30/05/2025\n📍 Bragança Paulista, SP\n🔧 Implantação | 🚗 Uno 11\n💻 Conversão: Tech Farma\n👤 Contato: Ana\n📞 Telefones: (11)2277-1000 / (11)97259-1213 (11)98421-6432\n📝 Obs: Quinta, Sexta 08:00\n➖➖➖➖➖➖➖➖➖\n\n\n➖➖➖➖➖➖➖➖➖\nTotal: 1 agendamento(s)',0,'2025-06-03 16:55:30',NULL,NULL,1),(55,1,'true_5518988043123@c.us_3EB0088BA9DC96A630A288','*📋 AGENDAMENTOS PARA MATEUS*\n\n➖➖➖➖➖➖➖➖➖\n*AGENDAMENTO 1*\n\n📋 *Drogaria e Cirúrgica São Francisco*\n📅 29/05/2025 a 30/05/2025\n📍 Bragança Paulista, SP\n🔧 Implantação | 🚗 Uno 11\n💻 Conversão: Tech Farma\n👤 Contato: Ana\n📞 Telefones: (11)2277-1000 / (11)97259-1213 (11)98421-6432\n📝 Obs: Quinta, Sexta 08:00\n➖➖➖➖➖➖➖➖➖\n\n*Para CONFIRMAR, selecione a mensagem e responda com:*\n✅ SIM\n_Esta confirmação será enviada automaticamente_\n➖➖➖➖➖➖➖➖➖\nTotal: 1 agendamento(s)',1,'2025-06-03 17:03:06','2025-06-03 17:04:11','Sim',1),(56,4,'true_5518988043123@c.us_3EB05C79B70D219D2CE9FF','*📋 IMPLANTAÇÕES AGENDADAS - ADM*\n\n➖➖➖➖➖➖➖➖➖\n👨‍🔧 *Técnico:* Mateus\n*AGENDAMENTO 1*\n\n📋 *Drogaria e Cirúrgica São Francisco*\n📅 29/05/2025 a 30/05/2025\n📍 Bragança Paulista, SP\n🔧 Implantação | 🚗 Uno 11\n💻 Conversão: Tech Farma\n👤 Contato: Ana\n📞 Telefones: (11)2277-1000 / (11)97259-1213 (11)98421-6432\n📝 Obs: Quinta, Sexta 08:00\n➖➖➖➖➖➖➖➖➖\n\n\n➖➖➖➖➖➖➖➖➖\nTotal: 1 agendamento(s)',0,'2025-06-03 17:03:21',NULL,NULL,1),(57,1,'true_5518988043123@c.us_3EB0B36CE45FB7B503FA57','*📋 AGENDAMENTOS PARA MATEUS*\n\n➖➖➖➖➖➖➖➖➖\n*AGENDAMENTO 1*\n\n📋 *Drogaria e Cirúrgica São Francisco*\n📅 29/05/2025 a 30/05/2025\n📍 Bragança Paulista, SP\n🔧 Implantação | 🚗 Uno 11\n💻 Conversão: Tech Farma\n👤 Contato: Ana\n📞 Telefones: (11)2277-1000 / (11)97259-1213 (11)98421-6432\n📝 Obs: Quinta, Sexta 08:00\n➖➖➖➖➖➖➖➖➖\n\n*Para CONFIRMAR, selecione a mensagem e responda com:*\n✅ SIM\n_Esta confirmação será enviada automaticamente_\n➖➖➖➖➖➖➖➖➖\nTotal: 1 agendamento(s)',1,'2025-06-03 17:13:35','2025-06-03 17:14:11','Sim',1),(58,4,'true_5518988043123@c.us_3EB0EF9C0919F5FFA1E7DE','*📋 IMPLANTAÇÕES AGENDADAS - ADM*\n\n➖➖➖➖➖➖➖➖➖\n👨‍🔧 *Técnico:* Mateus\n*AGENDAMENTO 1*\n\n📋 *Drogaria e Cirúrgica São Francisco*\n📅 29/05/2025 a 30/05/2025\n📍 Bragança Paulista, SP\n🔧 Implantação | 🚗 Uno 11\n💻 Conversão: Tech Farma\n👤 Contato: Ana\n📞 Telefones: (11)2277-1000 / (11)97259-1213 (11)98421-6432\n📝 Obs: Quinta, Sexta 08:00\n➖➖➖➖➖➖➖➖➖\n\n\n➖➖➖➖➖➖➖➖➖\nTotal: 1 agendamento(s)',0,'2025-06-03 17:13:50',NULL,NULL,1),(59,1,'true_5518988043123@c.us_3EB0CB01F1303A943E5B82','*📋 AGENDAMENTOS PARA MATEUS*\n\n➖➖➖➖➖➖➖➖➖\n*AGENDAMENTO 1*\n\n📋 *Drogaria e Cirúrgica São Francisco*\n📅 29/05/2025 a 30/05/2025\n📍 Bragança Paulista, SP\n🔧 Implantação | 🚗 Uno 11\n💻 Conversão: Tech Farma\n👤 Contato: Ana\n📞 Telefones: (11)2277-1000 / (11)97259-1213 (11)98421-6432\n📝 Obs: Quinta, Sexta 08:00\n➖➖➖➖➖➖➖➖➖\n\n*Para CONFIRMAR, selecione a mensagem e responda com:*\n✅ SIM\n_Esta confirmação será enviada automaticamente_\n➖➖➖➖➖➖➖➖➖\nTotal: 1 agendamento(s)',1,'2025-06-03 17:16:22','2025-06-03 17:16:32','Sim',1),(60,4,'true_5518988043123@c.us_3EB0932481C199A6BD66F0','*📋 IMPLANTAÇÕES AGENDADAS - ADM*\n\n➖➖➖➖➖➖➖➖➖\n👨‍🔧 *Técnico:* Mateus\n*AGENDAMENTO 1*\n\n📋 *Drogaria e Cirúrgica São Francisco*\n📅 29/05/2025 a 30/05/2025\n📍 Bragança Paulista, SP\n🔧 Implantação | 🚗 Uno 11\n💻 Conversão: Tech Farma\n👤 Contato: Ana\n📞 Telefones: (11)2277-1000 / (11)97259-1213 (11)98421-6432\n📝 Obs: Quinta, Sexta 08:00\n➖➖➖➖➖➖➖➖➖\n\n\n➖➖➖➖➖➖➖➖➖\nTotal: 1 agendamento(s)',0,'2025-06-03 17:16:37',NULL,NULL,1),(61,1,'true_5518988043123@c.us_3EB081900C0AC47BD58C07','*📋 AGENDAMENTOS PARA MATEUS*\n\n➖➖➖➖➖➖➖➖➖\n*AGENDAMENTO 1*\n\n📋 *Drogaria e Cirúrgica São Francisco*\n📅 29/05/2025 a 30/05/2025\n📍 Bragança Paulista, SP\n🔧 Implantação | 🚗 Uno 11\n💻 Conversão: Tech Farma\n👤 Contato: Ana\n📞 Telefones: (11)2277-1000 / (11)97259-1213 (11)98421-6432\n📝 Obs: Quinta, Sexta 08:00\n➖➖➖➖➖➖➖➖➖\n\n*Para CONFIRMAR, selecione a mensagem e responda com:*\n✅ SIM\n_Esta confirmação será enviada automaticamente_\n➖➖➖➖➖➖➖➖➖\nTotal: 1 agendamento(s)',1,'2025-06-03 17:17:53','2025-06-03 17:19:04','Sim',1),(62,4,'true_5518988043123@c.us_3EB06F5F6E34B36CB5143A','*📋 IMPLANTAÇÕES AGENDADAS - ADM*\n\n➖➖➖➖➖➖➖➖➖\n👨‍🔧 *Técnico:* Mateus\n*AGENDAMENTO 1*\n\n📋 *Drogaria e Cirúrgica São Francisco*\n📅 29/05/2025 a 30/05/2025\n📍 Bragança Paulista, SP\n🔧 Implantação | 🚗 Uno 11\n💻 Conversão: Tech Farma\n👤 Contato: Ana\n📞 Telefones: (11)2277-1000 / (11)97259-1213 (11)98421-6432\n📝 Obs: Quinta, Sexta 08:00\n➖➖➖➖➖➖➖➖➖\n\n\n➖➖➖➖➖➖➖➖➖\nTotal: 1 agendamento(s)',0,'2025-06-03 17:18:08',NULL,NULL,1),(63,1,'true_5518988043123@c.us_3EB05FFC75FC932842D294','*📋 AGENDAMENTOS PARA MATEUS*\n\n➖➖➖➖➖➖➖➖➖\n*AGENDAMENTO 1*\n\n📋 *Drogaria e Cirúrgica São Francisco*\n📅 29/05/2025 a 30/05/2025\n📍 Bragança Paulista, SP\n🔧 Implantação | 🚗 Uno 11\n💻 Conversão: Tech Farma\n👤 Contato: Ana\n📞 Telefones: (11)2277-1000 / (11)97259-1213 (11)98421-6432\n📝 Obs: Quinta, Sexta 08:00\n➖➖➖➖➖➖➖➖➖\n\n*Para CONFIRMAR, selecione a mensagem e responda com:*\n✅ SIM\n_Esta confirmação será enviada automaticamente_\n➖➖➖➖➖➖➖➖➖\nTotal: 1 agendamento(s)',1,'2025-06-03 17:22:18','2025-06-03 17:23:26','Sim',1),(64,4,'true_5518988043123@c.us_3EB0AA8C72904D0D96A472','*📋 IMPLANTAÇÕES AGENDADAS - ADM*\n\n➖➖➖➖➖➖➖➖➖\n👨‍🔧 *Técnico:* Mateus\n*AGENDAMENTO 1*\n\n📋 *Drogaria e Cirúrgica São Francisco*\n📅 29/05/2025 a 30/05/2025\n📍 Bragança Paulista, SP\n🔧 Implantação | 🚗 Uno 11\n💻 Conversão: Tech Farma\n👤 Contato: Ana\n📞 Telefones: (11)2277-1000 / (11)97259-1213 (11)98421-6432\n📝 Obs: Quinta, Sexta 08:00\n➖➖➖➖➖➖➖➖➖\n\n\n➖➖➖➖➖➖➖➖➖\nTotal: 1 agendamento(s)',0,'2025-06-03 17:22:33',NULL,NULL,1),(65,1,'true_5518988043123@c.us_3EB0065C8CAF232821E7BD','*📋 AGENDAMENTOS PARA MATEUS*\n\n➖➖➖➖➖➖➖➖➖\n*AGENDAMENTO 1*\n\n📋 *Drogaria e Cirúrgica São Francisco*\n📅 29/05/2025 a 30/05/2025\n📍 Bragança Paulista, SP\n🔧 Implantação | 🚗 Uno 11\n💻 Conversão: Tech Farma\n👤 Contato: Ana\n📞 Telefones: (11)2277-1000 / (11)97259-1213 (11)98421-6432\n📝 Obs: Quinta, Sexta 08:00\n➖➖➖➖➖➖➖➖➖\n\n*Para CONFIRMAR, selecione a mensagem e responda com:*\n✅ SIM\n_Esta confirmação será enviada automaticamente_\n➖➖➖➖➖➖➖➖➖\nTotal: 1 agendamento(s)',0,'2025-06-03 17:27:15',NULL,NULL,1),(66,4,'true_5518988043123@c.us_3EB01E3FDB8A06740CCB77','*📋 IMPLANTAÇÕES AGENDADAS - ADM*\n\n➖➖➖➖➖➖➖➖➖\n👨‍🔧 *Técnico:* Mateus\n*AGENDAMENTO 1*\n\n📋 *Drogaria e Cirúrgica São Francisco*\n📅 29/05/2025 a 30/05/2025\n📍 Bragança Paulista, SP\n🔧 Implantação | 🚗 Uno 11\n💻 Conversão: Tech Farma\n👤 Contato: Ana\n📞 Telefones: (11)2277-1000 / (11)97259-1213 (11)98421-6432\n📝 Obs: Quinta, Sexta 08:00\n➖➖➖➖➖➖➖➖➖\n\n\n➖➖➖➖➖➖➖➖➖\nTotal: 1 agendamento(s)',0,'2025-06-03 17:27:30',NULL,NULL,1),(67,1,'true_5518988043123@c.us_3EB017B1B6352CB48E53DD','*📋 AGENDAMENTOS PARA MATEUS*\n\n➖➖➖➖➖➖➖➖➖\n*AGENDAMENTO 1*\n\n📋 *Drogaria e Cirúrgica São Francisco*\n📅 29/05/2025 a 30/05/2025\n📍 Bragança Paulista, SP\n🔧 Implantação | 🚗 Uno 11\n💻 Conversão: Tech Farma\n👤 Contato: Ana\n📞 Telefones: (11)2277-1000 / (11)97259-1213 (11)98421-6432\n📝 Obs: Quinta, Sexta 08:00\n➖➖➖➖➖➖➖➖➖\n\n*Para CONFIRMAR, selecione a mensagem e responda com:*\n✅ SIM\n_Esta confirmação será enviada automaticamente_\n➖➖➖➖➖➖➖➖➖\nTotal: 1 agendamento(s)',1,'2025-06-03 18:04:12','2025-06-03 18:05:22','Sim',1),(68,4,'true_5518988043123@c.us_3EB0844C626898477890CC','*📋 IMPLANTAÇÕES AGENDADAS - ADM*\n\n➖➖➖➖➖➖➖➖➖\n👨‍🔧 *Técnico:* Mateus\n*AGENDAMENTO 1*\n\n📋 *Drogaria e Cirúrgica São Francisco*\n📅 29/05/2025 a 30/05/2025\n📍 Bragança Paulista, SP\n🔧 Implantação | 🚗 Uno 11\n💻 Conversão: Tech Farma\n👤 Contato: Ana\n📞 Telefones: (11)2277-1000 / (11)97259-1213 (11)98421-6432\n📝 Obs: Quinta, Sexta 08:00\n➖➖➖➖➖➖➖➖➖\n\n\n➖➖➖➖➖➖➖➖➖\nTotal: 1 agendamento(s)',0,'2025-06-03 18:04:27',NULL,NULL,1),(69,1,'true_5518988043123@c.us_3EB0DDA0E097320395BABB','*📋 AGENDAMENTOS PARA MATEUS*\n\n➖➖➖➖➖➖➖➖➖\n*AGENDAMENTO 1*\n\n📋 *Drogaria e Cirúrgica São Francisco*\n📅 29/05/2025 a 30/05/2025\n📍 Bragança Paulista, SP\n🔧 Implantação | 🚗 Uno 11\n💻 Conversão: Tech Farma\n👤 Contato: Ana\n📞 Telefones: (11)2277-1000 / (11)97259-1213 (11)98421-6432\n📝 Obs: Quinta, Sexta 08:00\n➖➖➖➖➖➖➖➖➖\n\n*Para CONFIRMAR, selecione a mensagem e responda com:*\n✅ SIM\n_Esta confirmação será enviada automaticamente_\n➖➖➖➖➖➖➖➖➖\nTotal: 1 agendamento(s)',1,'2025-06-03 18:17:26','2025-06-03 18:18:34','Sim',1),(70,4,'true_5518988043123@c.us_3EB0D1B0CC2E186523B4B0','*📋 IMPLANTAÇÕES AGENDADAS - ADM*\n\n➖➖➖➖➖➖➖➖➖\n👨‍🔧 *Técnico:* Mateus\n*AGENDAMENTO 1*\n\n📋 *Drogaria e Cirúrgica São Francisco*\n📅 29/05/2025 a 30/05/2025\n📍 Bragança Paulista, SP\n🔧 Implantação | 🚗 Uno 11\n💻 Conversão: Tech Farma\n👤 Contato: Ana\n📞 Telefones: (11)2277-1000 / (11)97259-1213 (11)98421-6432\n📝 Obs: Quinta, Sexta 08:00\n➖➖➖➖➖➖➖➖➖\n\n\n➖➖➖➖➖➖➖➖➖\nTotal: 1 agendamento(s)',0,'2025-06-03 18:17:41',NULL,NULL,1),(71,1,'true_5518988043123@c.us_3EB0C909A6BC7803A673BD','*📋 AGENDAMENTOS PARA MATEUS*\n\n➖➖➖➖➖➖➖➖➖\n*AGENDAMENTO 1*\n\n📋 *Drogaria e Cirúrgica São Francisco*\n📅 29/05/2025 a 30/05/2025\n📍 Bragança Paulista, SP\n🔧 Implantação | 🚗 Uno 11\n💻 Conversão: Tech Farma\n👤 Contato: Ana\n📞 Telefones: (11)2277-1000 / (11)97259-1213 (11)98421-6432\n📝 Obs: Quinta, Sexta 08:00\n➖➖➖➖➖➖➖➖➖\n\n*Para CONFIRMAR, selecione a mensagem e responda com:*\n✅ SIM\n_Esta confirmação será enviada automaticamente_\n➖➖➖➖➖➖➖➖➖\nTotal: 1 agendamento(s)',1,'2025-06-03 18:19:58','2025-06-03 18:21:04','Sim',1),(72,4,'true_5518988043123@c.us_3EB072F1AA2BAB1EDD8584','*📋 IMPLANTAÇÕES AGENDADAS - ADM*\n\n➖➖➖➖➖➖➖➖➖\n👨‍🔧 *Técnico:* Mateus\n*AGENDAMENTO 1*\n\n📋 *Drogaria e Cirúrgica São Francisco*\n📅 29/05/2025 a 30/05/2025\n📍 Bragança Paulista, SP\n🔧 Implantação | 🚗 Uno 11\n💻 Conversão: Tech Farma\n👤 Contato: Ana\n📞 Telefones: (11)2277-1000 / (11)97259-1213 (11)98421-6432\n📝 Obs: Quinta, Sexta 08:00\n➖➖➖➖➖➖➖➖➖\n\n\n➖➖➖➖➖➖➖➖➖\nTotal: 1 agendamento(s)',0,'2025-06-03 18:20:13',NULL,NULL,1),(73,1,'true_5518988043123@c.us_3EB0D785BC6CBB1E18B290','*📋 AGENDAMENTOS PARA MATEUS*\n\n➖➖➖➖➖➖➖➖➖\n*AGENDAMENTO 1*\n\n📋 *Farmacia Galeno *\n📅 27/05/2025 a 28/05/2025\n📍 Lupercio, SP\n🔧 Implantação | 🚗 Uno 11\n💻 Conversão: Trier \n👤 Contato: Marcelo\n📞 Telefones: (14) 99149-6648 / (14) 99741-1929\n📝 Obs: Terça, Quarta 08:00\n➖➖➖➖➖➖➖➖➖\n\n*Para CONFIRMAR, selecione a mensagem e responda com:*\n✅ SIM\n_Esta confirmação será enviada automaticamente_\n➖➖➖➖➖➖➖➖➖\nTotal: 1 agendamento(s)',1,'2025-06-03 18:21:35','2025-06-03 18:21:47','Sim',1),(74,4,'true_5518988043123@c.us_3EB07F7F56245E7852DB83','*📋 IMPLANTAÇÕES AGENDADAS - ADM*\n\n➖➖➖➖➖➖➖➖➖\n👨‍🔧 *Técnico:* Mateus\n*AGENDAMENTO 1*\n\n📋 *Farmacia Galeno *\n📅 27/05/2025 a 28/05/2025\n📍 Lupercio, SP\n🔧 Implantação | 🚗 Uno 11\n💻 Conversão: Trier \n👤 Contato: Marcelo\n📞 Telefones: (14) 99149-6648 / (14) 99741-1929\n📝 Obs: Terça, Quarta 08:00\n➖➖➖➖➖➖➖➖➖\n\n\n➖➖➖➖➖➖➖➖➖\nTotal: 1 agendamento(s)',0,'2025-06-03 18:21:50',NULL,NULL,1),(75,1,'true_5518988043123@c.us_3EB08183F1DC9703626179','*📋 AGENDAMENTOS PARA MATEUS*\n\n➖➖➖➖➖➖➖➖➖\n*AGENDAMENTO 1*\n\n📋 *Farmacia Galeno *\n📅 27/05/2025 a 28/05/2025\n📍 Lupercio, SP\n🔧 Implantação | 🚗 Uno 11\n💻 Conversão: Trier \n👤 Contato: Marcelo\n📞 Telefones: (14) 99149-6648 / (14) 99741-1929\n📝 Obs: Terça, Quarta 08:00\n➖➖➖➖➖➖➖➖➖\n\n*Para CONFIRMAR, selecione a mensagem e responda com:*\n✅ SIM\n_Esta confirmação será enviada automaticamente_\n➖➖➖➖➖➖➖➖➖\nTotal: 1 agendamento(s)',1,'2025-06-03 18:23:11','2025-06-03 18:23:22','Sim',1),(76,4,'true_5518988043123@c.us_3EB0581437B4B51A657726','*📋 IMPLANTAÇÕES AGENDADAS - ADM*\n\n➖➖➖➖➖➖➖➖➖\n👨‍🔧 *Técnico:* Mateus\n*AGENDAMENTO 1*\n\n📋 *Farmacia Galeno *\n📅 27/05/2025 a 28/05/2025\n📍 Lupercio, SP\n🔧 Implantação | 🚗 Uno 11\n💻 Conversão: Trier \n👤 Contato: Marcelo\n📞 Telefones: (14) 99149-6648 / (14) 99741-1929\n📝 Obs: Terça, Quarta 08:00\n➖➖➖➖➖➖➖➖➖\n\n\n➖➖➖➖➖➖➖➖➖\nTotal: 1 agendamento(s)',0,'2025-06-03 18:23:26',NULL,NULL,1),(77,1,'true_5518988043123@c.us_3EB07B3D7D60F85A9B146F','*📋 AGENDAMENTOS PARA MATEUS*\n\n➖➖➖➖➖➖➖➖➖\n*AGENDAMENTO 1*\n\n📋 *Nelfarma*\n📅 27/05/2025 a 28/05/2025\n📍 Franco da Rocha /, SP\n🔧 Implantação | 🚗 Uno 11\n💻 Conversão: PharmaW\n👤 Contato: Daniel\n📞 Telefones: (11)4118-4639 / (11)94103-3676 (11)99565-4659\n📝 Obs: Terça, Quarta 08:30\n➖➖➖➖➖➖➖➖➖\n\n*Para CONFIRMAR, selecione a mensagem e responda com:*\n✅ SIM\n_Esta confirmação será enviada automaticamente_\n➖➖➖➖➖➖➖➖➖\nTotal: 1 agendamento(s)',1,'2025-06-03 20:47:35','2025-06-03 20:47:53','Sim',1),(78,4,'true_5518988043123@c.us_3EB00C505C80D5792AF115','*📋 IMPLANTAÇÕES AGENDADAS - ADM*\n\n➖➖➖➖➖➖➖➖➖\n👨‍🔧 *Técnico:* Mateus\n*AGENDAMENTO 1*\n\n📋 *Nelfarma*\n📅 27/05/2025 a 28/05/2025\n📍 Franco da Rocha /, SP\n🔧 Implantação | 🚗 Uno 11\n💻 Conversão: PharmaW\n👤 Contato: Daniel\n📞 Telefones: (11)4118-4639 / (11)94103-3676 (11)99565-4659\n📝 Obs: Terça, Quarta 08:30\n➖➖➖➖➖➖➖➖➖\n\n\n➖➖➖➖➖➖➖➖➖\nTotal: 1 agendamento(s)',0,'2025-06-03 20:47:50',NULL,NULL,1),(79,1,'true_5518988043123@c.us_3EB06B7FB854401BFD9120','*📋 AGENDAMENTOS PARA MATEUS*\n\n➖➖➖➖➖➖➖➖➖\n*AGENDAMENTO 1*\n\n📋 *Drogaria e Cirúrgica São Francisco*\n📅 29/05/2025 a 30/05/2025\n📍 Bragança Paulista, SP\n🔧 Implantação | 🚗 Uno 11\n💻 Conversão: Tech Farma\n👤 Contato: Ana\n📞 Telefones: (11)2277-1000 / (11)97259-1213 (11)98421-6432\n📝 Obs: Quinta, Sexta 08:00\n➖➖➖➖➖➖➖➖➖\n\n*Para CONFIRMAR, selecione a mensagem e responda com:*\n✅ SIM\n_Esta confirmação será enviada automaticamente_\n➖➖➖➖➖➖➖➖➖\nTotal: 1 agendamento(s)',1,'2025-06-03 20:51:54','2025-06-03 20:53:00','Ok',1),(80,4,'true_5518988043123@c.us_3EB00E8C9BF2841623A6A9','*📋 IMPLANTAÇÕES AGENDADAS - ADM*\n\n➖➖➖➖➖➖➖➖➖\n👨‍🔧 *Técnico:* Mateus\n*AGENDAMENTO 1*\n\n📋 *Drogaria e Cirúrgica São Francisco*\n📅 29/05/2025 a 30/05/2025\n📍 Bragança Paulista, SP\n🔧 Implantação | 🚗 Uno 11\n💻 Conversão: Tech Farma\n👤 Contato: Ana\n📞 Telefones: (11)2277-1000 / (11)97259-1213 (11)98421-6432\n📝 Obs: Quinta, Sexta 08:00\n➖➖➖➖➖➖➖➖➖\n\n\n➖➖➖➖➖➖➖➖➖\nTotal: 1 agendamento(s)',0,'2025-06-03 20:52:09',NULL,NULL,0),(81,1,'true_5518988043123@c.us_3EB08CA74F6896FB5D7AF3','*📋 AGENDAMENTOS PARA MATEUS*\n\n➖➖➖➖➖➖➖➖➖\n*AGENDAMENTO 1*\n\n📋 *Drogaria e Cirúrgica São Francisco*\n📅 29/05/2025 a 30/05/2025\n📍 Bragança Paulista, SP\n🔧 Implantação | 🚗 Uno 11\n💻 Conversão: Tech Farma\n👤 Contato: Ana\n📞 Telefones: (11)2277-1000 / (11)97259-1213 (11)98421-6432\n📝 Obs: Quinta, Sexta 08:00\n➖➖➖➖➖➖➖➖➖\n\n*Para CONFIRMAR, selecione a mensagem e responda com:*\n✅ Ok\n_Esta confirmação será enviada automaticamente_\n➖➖➖➖➖➖➖➖➖\nTotal: 1 agendamento(s)',1,'2025-06-03 23:50:37','2025-06-03 23:51:18','Ok',1),(82,4,'true_5518988043123@c.us_3EB01A0AA80D915F54DC56','*📋 IMPLANTAÇÕES AGENDADAS - ADM*\n\n➖➖➖➖➖➖➖➖➖\n👨‍🔧 *Técnico:* Mateus\n*AGENDAMENTO 1*\n\n📋 *Drogaria e Cirúrgica São Francisco*\n📅 29/05/2025 a 30/05/2025\n📍 Bragança Paulista, SP\n🔧 Implantação | 🚗 Uno 11\n💻 Conversão: Tech Farma\n👤 Contato: Ana\n📞 Telefones: (11)2277-1000 / (11)97259-1213 (11)98421-6432\n📝 Obs: Quinta, Sexta 08:00\n➖➖➖➖➖➖➖➖➖\n\n\n➖➖➖➖➖➖➖➖➖\nTotal: 1 agendamento(s)',0,'2025-06-03 23:50:52',NULL,NULL,0),(83,2,'true_5514998319380@c.us_3EB04287535872B85B7624','*📋 AGENDAMENTOS PARA CARLOS*\n\n➖➖➖➖➖➖➖➖➖\n*AGENDAMENTO 3*\n\n📋 *Mercearia e Armazem Gomes *\n📅 10/06/2025 a 11/06/2025\n📍 Itapeva, SP\n🔧 Implantação | 🚗 Uno 12\n💻 Conversão: Master Loja PDV\n👤 Contato: Karina\n📞 Telefones: (15) 99657-0681 / (15) 99800-0339\n📝 Obs: Terça, Quarta 08:00\n➖➖➖➖➖➖➖➖➖\n\n*Para CONFIRMAR, selecione a mensagem e responda com:*\n✅ Ok\n_Esta confirmação será enviada automaticamente_\n➖➖➖➖➖➖➖➖➖\nTotal: 1 agendamento(s)',1,'2025-06-05 20:45:19','2025-06-05 21:42:50','Ok',1),(84,3,'true_5518981850150@c.us_3EB0AC9B44FAEE9E8CF445','*📋 AGENDAMENTOS PARA VINICIUS*\n\n➖➖➖➖➖➖➖➖➖\n*AGENDAMENTO 2*\n\n📋 *Drogaria MP *\n📅 10/06/2025 a 11/06/2025\n📍 Arco Iris, SP\n🔧 Implantação | 🚗 Uno 15\n💻 Conversão: PharmaW \n👤 Contato: Viviane\n📞 Telefones: (14) 99837-5771\n📝 Obs: Terça, Quarta 08:00\n➖➖➖➖➖➖➖➖➖\n\n➖➖➖➖➖➖➖➖➖\n*AGENDAMENTO 5*\n\n📋 *Drogaria Zanini *\n📅 12/06/2025 a 13/06/2025\n📍 Olimpia, SP\n🔧 Implantação | 🚗 Uno 15\n💻 Conversão: SIS Moura \n👤 Contato: Gustavo\n📞 Telefones: (17) 3281-7783 / (17) 98120-1015\n📝 Obs: Quinta, Sexta 08:00\n➖➖➖➖➖➖➖➖➖\n\n*Para CONFIRMAR, selecione a mensagem e responda com:*\n✅ Ok\n_Esta confirmação será enviada automaticamente_\n➖➖➖➖➖➖➖➖➖\nTotal: 2 agendamento(s)',1,'2025-06-05 20:45:34','2025-06-05 21:07:03','Ok',1),(85,5,'true_5518996669190@c.us_3EB0E5D3D45E64EE7E2724','*📋 AGENDAMENTOS PARA GUILHERME*\n\n➖➖➖➖➖➖➖➖➖\n*AGENDAMENTO 1*\n\n📋 *Drogaria Nova Imperial II*\n📅 09/06/2025 a 10/06/2025\n📍 Ribeirão Pires /, SP\n🔧 Implantação | 🚗 Uno 11\n💻 Conversão: Digifarma\n👤 Contato: Welington\n📞 Telefones: (11)94717-9680\n📝 Obs: Segunda, Terça 08:00\n➖➖➖➖➖➖➖➖➖\n\n➖➖➖➖➖➖➖➖➖\n*AGENDAMENTO 4*\n\n📋 *Drogaria Farmatos*\n📅 11/05/2025\n📍 Itaquaquecetuba, /SP\n🔧 Implantação | 🚗 Uno 11\n💻 Conversão: ADM\n👤 Contato: Renata\n📞 Telefones: (11)4635-8655 / (11)94737-4942\n📝 Obs: Quarta 08:00\n➖➖➖➖➖➖➖➖➖\n\n➖➖➖➖➖➖➖➖➖\n*AGENDAMENTO 6*\n\n📋 *Dedetizadora Camaleão Nelson /*\n📅 12/06/2025 a 13/06/2025\n📍 Francisco Morato /, SP\n🔧 Implantação | 🚗 Uno 11\n💻 Conversão: Master Loja\n👤 Contato: Mario\n📞 Telefones: (11)96858-6016 / (11)94790-7573\n📝 Obs: Quinta, Sexta 08:00\n➖➖➖➖➖➖➖➖➖\n\n*Para CONFIRMAR, selecione a mensagem e responda com:*\n✅ Ok\n_Esta confirmação será enviada automaticamente_\n➖➖➖➖➖➖➖➖➖\nTotal: 3 agendamento(s)',0,'2025-06-05 20:45:49',NULL,NULL,0),(86,7,'true_5518981850202@c.us_3EB05EB9C06E41FC14EF6D','*📋 IMPLANTAÇÕES AGENDADAS - LEONARDO*\n\n➖➖➖➖➖➖➖➖➖\n👨‍🔧 *Técnico:* Vinicius\n*AGENDAMENTO 2*\n\n📋 *Drogaria MP *\n📅 10/06/2025 a 11/06/2025\n📍 Arco Iris, SP\n🔧 Implantação | 🚗 Uno 15\n💻 Conversão: PharmaW \n👤 Contato: Viviane\n📞 Telefones: (14) 99837-5771\n📝 Obs: Terça, Quarta 08:00\n➖➖➖➖➖➖➖➖➖\n\n➖➖➖➖➖➖➖➖➖\n👨‍🔧 *Técnico:* Carlos\n*AGENDAMENTO 3*\n\n📋 *Mercearia e Armazem Gomes *\n📅 10/06/2025 a 11/06/2025\n📍 Itapeva, SP\n🔧 Implantação | 🚗 Uno 12\n💻 Conversão: Master Loja PDV\n👤 Contato: Karina\n📞 Telefones: (15) 99657-0681 / (15) 99800-0339\n📝 Obs: Terça, Quarta 08:00\n➖➖➖➖➖➖➖➖➖\n\n➖➖➖➖➖➖➖➖➖\n👨‍🔧 *Técnico:* Vinicius\n*AGENDAMENTO 5*\n\n📋 *Drogaria Zanini *\n📅 12/06/2025 a 13/06/2025\n📍 Olimpia, SP\n🔧 Implantação | 🚗 Uno 15\n💻 Conversão: SIS Moura \n👤 Contato: Gustavo\n📞 Telefones: (17) 3281-7783 / (17) 98120-1015\n📝 Obs: Quinta, Sexta 08:00\n➖➖➖➖➖➖➖➖➖\n\n\n➖➖➖➖➖➖➖➖➖\nTotal: 3 agendamento(s)',0,'2025-06-05 20:46:04',NULL,NULL,0),(87,8,'true_5518981890799@c.us_3EB0F65B9D093E9753B85A','*📋 IMPLANTAÇÕES AGENDADAS - EDMILSON*\n\n➖➖➖➖➖➖➖➖➖\n👨‍🔧 *Técnico:* Guilherme\n*AGENDAMENTO 1*\n\n📋 *Drogaria Nova Imperial II*\n📅 09/06/2025 a 10/06/2025\n📍 Ribeirão Pires /, SP\n🔧 Implantação | 🚗 Uno 11\n💻 Conversão: Digifarma\n👤 Contato: Welington\n📞 Telefones: (11)94717-9680\n📝 Obs: Segunda, Terça 08:00\n➖➖➖➖➖➖➖➖➖\n\n➖➖➖➖➖➖➖➖➖\n👨‍🔧 *Técnico:* Guilherme\n*AGENDAMENTO 4*\n\n📋 *Drogaria Farmatos*\n📅 11/05/2025\n📍 Itaquaquecetuba, /SP\n🔧 Implantação | 🚗 Uno 11\n💻 Conversão: ADM\n👤 Contato: Renata\n📞 Telefones: (11)4635-8655 / (11)94737-4942\n📝 Obs: Quarta 08:00\n➖➖➖➖➖➖➖➖➖\n\n➖➖➖➖➖➖➖➖➖\n👨‍🔧 *Técnico:* Guilherme\n*AGENDAMENTO 6*\n\n📋 *Dedetizadora Camaleão Nelson /*\n📅 12/06/2025 a 13/06/2025\n📍 Francisco Morato /, SP\n🔧 Implantação | 🚗 Uno 11\n💻 Conversão: Master Loja\n👤 Contato: Mario\n📞 Telefones: (11)96858-6016 / (11)94790-7573\n📝 Obs: Quinta, Sexta 08:00\n➖➖➖➖➖➖➖➖➖\n\n\n➖➖➖➖➖➖➖➖➖\nTotal: 3 agendamento(s)',0,'2025-06-05 20:46:19',NULL,NULL,0),(88,1,'true_5518988043123@c.us_3EB0AD01EDB4DAB69DA3C8','*📋 AGENDAMENTOS PARA MATEUS*\n\n➖➖➖➖➖➖➖➖➖\n*AGENDAMENTO 1*\n\n📋 *Pavani Modas e Acessorios *\n📅 10/06/2025 a 11/06/2025\n📍 Tupã, SP\n🔧 Implantação | 🚗 Uno 13\n💻 Conversão: Master Loja \n👤 Contato: Rose\n📞 Telefones: (18)99638-6981\n📝 Obs: Terça, Quarta 08:00\n➖➖➖➖➖➖➖➖➖\n\n*Para CONFIRMAR, selecione a mensagem e responda com:*\n✅ Ok\n_Esta confirmação será enviada automaticamente_\n➖➖➖➖➖➖➖➖➖\nTotal: 1 agendamento(s)',1,'2025-06-06 11:23:32','2025-06-06 11:23:57','Ok',1),(89,7,'true_5518981850202@c.us_3EB0B6ABD707D405F88D65','*📋 IMPLANTAÇÕES AGENDADAS - LEONARDO*\n\n➖➖➖➖➖➖➖➖➖\n👨‍🔧 *Técnico:* Mateus\n*AGENDAMENTO 1*\n\n📋 *Pavani Modas e Acessorios *\n📅 10/06/2025 a 11/06/2025\n📍 Tupã, SP\n🔧 Implantação | 🚗 Uno 13\n💻 Conversão: Master Loja \n👤 Contato: Rose\n📞 Telefones: (18)99638-6981\n📝 Obs: Terça, Quarta 08:00\n➖➖➖➖➖➖➖➖➖\n\n\n➖➖➖➖➖➖➖➖➖\nTotal: 1 agendamento(s)',0,'2025-06-06 11:23:47',NULL,NULL,0),(90,5,'true_5518996669190@c.us_3EB042B6244EE78010AC5B','*📋 AGENDAMENTOS PARA GUILHERME*\n\n➖➖➖➖➖➖➖➖➖\n*AGENDAMENTO 1*\n\n📋 *Drogaria Farmatos*\n📅 07/06/2025\n📍 Itaquaquecetuba, SP\n🔧 Implantação | 🚗 Uno 11\n💻 Conversão: ADM\n👤 Contato: Renata\n📞 Telefones: (11)4635-8655 / (11)94737-4942 / 0\n📝 Obs: Nenhuma\n➖➖➖➖➖➖➖➖➖\n\n*Para CONFIRMAR, selecione a mensagem e responda com:*\n✅ Ok\n_Esta confirmação será enviada automaticamente_\n➖➖➖➖➖➖➖➖➖\nTotal: 1 agendamento(s)',0,'2025-06-06 12:30:36',NULL,NULL,0),(91,8,'true_5518981890799@c.us_3EB014FFDA87BC7E3E539C','*📋 IMPLANTAÇÕES AGENDADAS - EDMILSON*\n\n➖➖➖➖➖➖➖➖➖\n👨‍🔧 *Técnico:* Guilherme\n*AGENDAMENTO 1*\n\n📋 *Drogaria Farmatos*\n📅 07/06/2025\n📍 Itaquaquecetuba, SP\n🔧 Implantação | 🚗 Uno 11\n💻 Conversão: ADM\n👤 Contato: Renata\n📞 Telefones: (11)4635-8655 / (11)94737-4942 / 0\n📝 Obs: Nenhuma\n➖➖➖➖➖➖➖➖➖\n\n\n➖➖➖➖➖➖➖➖➖\nTotal: 1 agendamento(s)',0,'2025-06-06 12:30:51',NULL,NULL,0),(92,2,'true_5514998319380@c.us_3EB0E67A295A055D032E9A','*📋 AGENDAMENTOS PARA CARLOS*\n\n➖➖➖➖➖➖➖➖➖\n*AGENDAMENTO 1*\n\n📋 *La Nina Moda Feminina e Pijamas*\n📅 12/06/2025 a 13/06/2025\n📍 Presidente Prudente, SP\n🔧 Implantação | 🚗 Uno 13\n💻 Conversão: Master Loja \n👤 Contato: Ariane\n📞 Telefones: (18) 99732-1100 / 0\n📝 Obs: Quinta, Sexta 08:00\n➖➖➖➖➖➖➖➖➖\n\n*Para CONFIRMAR, selecione a mensagem e responda com:*\n✅ Ok\n_Esta confirmação será enviada automaticamente_\n➖➖➖➖➖➖➖➖➖\nTotal: 1 agendamento(s)',1,'2025-06-11 13:15:55','2025-06-11 14:17:50','Ok',1),(93,7,'true_5518981850202@c.us_3EB0453D87B9DBFF0D2876','*📋 IMPLANTAÇÕES AGENDADAS - LEONARDO*\n\n➖➖➖➖➖➖➖➖➖\n👨‍🔧 *Técnico:* Carlos\n*AGENDAMENTO 1*\n\n📋 *La Nina Moda Feminina e Pijamas*\n📅 12/06/2025 a 13/06/2025\n📍 Presidente Prudente, SP\n🔧 Implantação | 🚗 Uno 13\n💻 Conversão: Master Loja \n👤 Contato: Ariane\n📞 Telefones: (18) 99732-1100 / 0\n📝 Obs: Quinta, Sexta 08:00\n➖➖➖➖➖➖➖➖➖\n\n\n➖➖➖➖➖➖➖➖➖\nTotal: 1 agendamento(s)',0,'2025-06-11 13:16:10',NULL,NULL,0),(94,1,'true_5518988043123@c.us_3EB069870179DEC86AAACE','*📋 AGENDAMENTOS PARA MATEUS*\n\n➖➖➖➖➖➖➖➖➖\n*AGENDAMENTO 1*\n\n📋 *Drogaria Drogasul*\n📅 12/06/2025 a 13/06/2025\n📍 Chapadao do Sul, MS\n🔧 Implantação | 🚗 Online\n💻 Conversão: Inovafarma\n👤 Contato: Iron\n📞 Telefones: (67)99926-2121 / 0\n📝 Obs: Quinta, Sexta 08:00\n➖➖➖➖➖➖➖➖➖\n\n*Para CONFIRMAR, selecione a mensagem e responda com:*\n✅ Ok\n_Esta confirmação será enviada automaticamente_\n➖➖➖➖➖➖➖➖➖\nTotal: 1 agendamento(s)',1,'2025-06-11 20:28:23','2025-06-11 20:37:22','Ok',1),(95,4,'true_5518981174107@c.us_3EB03E25405A9B040C59A0','*📋 IMPLANTAÇÕES AGENDADAS - ADM*\n\n➖➖➖➖➖➖➖➖➖\n👨‍🔧 *Técnico:* Mateus\n*AGENDAMENTO 1*\n\n📋 *Drogaria Drogasul*\n📅 12/06/2025 a 13/06/2025\n📍 Chapadao do Sul, MS\n🔧 Implantação | 🚗 Online\n💻 Conversão: Inovafarma\n👤 Contato: Iron\n📞 Telefones: (67)99926-2121 / 0\n📝 Obs: Quinta, Sexta 08:00\n➖➖➖➖➖➖➖➖➖\n\n\n➖➖➖➖➖➖➖➖➖\nTotal: 1 agendamento(s)',0,'2025-06-11 20:28:38',NULL,NULL,0),(96,1,'true_5518988043123@c.us_3EB0123AD5899D1F39533F','*📋 AGENDAMENTOS PARA MATEUS*\n\n➖➖➖➖➖➖➖➖➖\n*AGENDAMENTO 2*\n\n📋 *Drogaria Moderna *\n📅 17/06/2025 a 18/06/2025\n📍 Bastos, SP\n🔧 Implantação | 🚗 Uno 12\n💻 Conversão: Alpha 7\n👤 Contato: Camila\n📞 Telefones: (14) 3478-2407 / (14) 99796-2407 (14) 99876-5295 / 350\n📝 Obs: Terça, Quarta 08:00\n➖➖➖➖➖➖➖➖➖\n\n*Para CONFIRMAR, selecione a mensagem e responda com:*\n✅ Ok\n_Esta confirmação será enviada automaticamente_\n➖➖➖➖➖➖➖➖➖\nTotal: 1 agendamento(s)',1,'2025-06-13 12:28:27','2025-06-13 13:11:00','Ok',1),(97,5,'true_5518996669190@c.us_3EB0C686CB96E02ED6C74A','*📋 AGENDAMENTOS PARA GUILHERME*\n\n➖➖➖➖➖➖➖➖➖\n*AGENDAMENTO 1*\n\n📋 *Drogaria Grafarma*\n📅 16/06/2025 a 17/06/2025\n📍 São Paulo, SP\n🔧 Implantação | 🚗 Uno 11\n💻 Conversão: SoftClass\n👤 Contato: André\n📞 Telefones: (11)91481-0001 / (11)93144-3669 / 250\n📝 Obs: Segunda, Terça 08:00\n➖➖➖➖➖➖➖➖➖\n\n*Para CONFIRMAR, selecione a mensagem e responda com:*\n✅ Ok\n_Esta confirmação será enviada automaticamente_\n➖➖➖➖➖➖➖➖➖\nTotal: 1 agendamento(s)',0,'2025-06-13 12:28:42',NULL,NULL,0),(98,7,'true_5518981850202@c.us_3EB070D51305501BF1422B','*📋 IMPLANTAÇÕES AGENDADAS - LEONARDO*\n\n➖➖➖➖➖➖➖➖➖\n👨‍🔧 *Técnico:* Mateus\n*AGENDAMENTO 2*\n\n📋 *Drogaria Moderna *\n📅 17/06/2025 a 18/06/2025\n📍 Bastos, SP\n🔧 Implantação | 🚗 Uno 12\n💻 Conversão: Alpha 7\n👤 Contato: Camila\n📞 Telefones: (14) 3478-2407 / (14) 99796-2407 (14) 99876-5295 / 350\n📝 Obs: Terça, Quarta 08:00\n➖➖➖➖➖➖➖➖➖\n\n\n➖➖➖➖➖➖➖➖➖\nTotal: 1 agendamento(s)',0,'2025-06-13 12:28:57',NULL,NULL,0),(99,8,'true_5518981890799@c.us_3EB0E5A387712E9DE16EE4','*📋 IMPLANTAÇÕES AGENDADAS - EDMILSON*\n\n➖➖➖➖➖➖➖➖➖\n👨‍🔧 *Técnico:* Guilherme\n*AGENDAMENTO 1*\n\n📋 *Drogaria Grafarma*\n📅 16/06/2025 a 17/06/2025\n📍 São Paulo, SP\n🔧 Implantação | 🚗 Uno 11\n💻 Conversão: SoftClass\n👤 Contato: André\n📞 Telefones: (11)91481-0001 / (11)93144-3669 / 250\n📝 Obs: Segunda, Terça 08:00\n➖➖➖➖➖➖➖➖➖\n\n\n➖➖➖➖➖➖➖➖➖\nTotal: 1 agendamento(s)',0,'2025-06-13 12:29:12',NULL,NULL,0),(100,1,'true_5518988043123@c.us_3EB04239C4F238C96B95C2','*📋 AGENDAMENTOS PARA MATEUS*\n\n➖➖➖➖➖➖➖➖➖\n*AGENDAMENTO 1*\n\n📋 *Farmacia São Judas Tadeu de Garça*\n📅 24/06/2025 a 25/06/2025\n📍 Garça, SP\n🔧 Implantação | 🚗 Uno 15\n💻 Conversão: Sysfar / Concentra\n👤 Contato: André\n📞 Telefones: (14) 3471-0904 / (14) 99798-7957 (14) 99616-5261 / 750\n📝 Obs: Terça, Quarta 08:00\n➖➖➖➖➖➖➖➖➖\n\n*Para CONFIRMAR, selecione a mensagem e responda com:*\n✅ Ok\n_Esta confirmação será enviada automaticamente_\n➖➖➖➖➖➖➖➖➖\nTotal: 1 agendamento(s)',1,'2025-06-20 14:25:00','2025-06-20 14:26:44','Ok',1),(101,3,'true_5518981850150@c.us_3EB0292B66DB9EE3AD98FE','*📋 AGENDAMENTOS PARA VINICIUS*\n\n➖➖➖➖➖➖➖➖➖\n*AGENDAMENTO 2*\n\n📋 *Drogaria Princesa Gabriel Monteiro  Tatiele e*\n📅 24/06/2025 a 25/06/2025\n📍 Gabriel Monteiro, SP\n🔧 Implantação | 🚗 Uno 12\n💻 Conversão: Inova Farma \n👤 Contato: André\n📞 Telefones: (18) 99763-4969 / (18) 99611-3928 (18) 996960-0301 / 250\n📝 Obs: Terça, Quarta 08:00\n➖➖➖➖➖➖➖➖➖\n\n*Para CONFIRMAR, selecione a mensagem e responda com:*\n✅ Ok\n_Esta confirmação será enviada automaticamente_\n➖➖➖➖➖➖➖➖➖\nTotal: 1 agendamento(s)',1,'2025-06-20 14:25:15','2025-06-20 14:30:58','ok',1),(102,5,'true_5518996669190@c.us_3EB0EE898C26BADB70065E','*📋 AGENDAMENTOS PARA GUILHERME*\n\n➖➖➖➖➖➖➖➖➖\n*AGENDAMENTO 3*\n\n📋 *Mika Cosméticos*\n📅 24/06/2025\n📍 Osasco, SP\n🔧 Implantação | 🚗 Uno 11\n💻 Conversão: Master Loja\n👤 Contato: Taina\n📞 Telefones: (11)95828-2090 / 180\n📝 Obs: Terça 08:00\n➖➖➖➖➖➖➖➖➖\n\n➖➖➖➖➖➖➖➖➖\n*AGENDAMENTO 4*\n\n📋 *Drogaria Farmatos loja 2 Renata /*\n📅 25/06/2025 a 26/06/2025\n📍 Itaquaquecetuba, SP\n🔧 Implantação | 🚗 Uno 11\n💻 Conversão: Adm\n👤 Contato: Talita\n📞 Telefones: (11)98570-4335 / (11)95925-1870 (11)94737-4942 / 250\n📝 Obs: Quarta, Quinta 08:00\n➖➖➖➖➖➖➖➖➖\n\n*Para CONFIRMAR, selecione a mensagem e responda com:*\n✅ Ok\n_Esta confirmação será enviada automaticamente_\n➖➖➖➖➖➖➖➖➖\nTotal: 2 agendamento(s)',0,'2025-06-20 14:25:30',NULL,NULL,0),(103,7,'true_5518981850202@c.us_3EB0E6B1D57EDFBC5A4F46','*📋 IMPLANTAÇÕES AGENDADAS - LEONARDO*\n\n➖➖➖➖➖➖➖➖➖\n👨‍🔧 *Técnico:* Mateus\n*AGENDAMENTO 1*\n\n📋 *Farmacia São Judas Tadeu de Garça*\n📅 24/06/2025 a 25/06/2025\n📍 Garça, SP\n🔧 Implantação | 🚗 Uno 15\n💻 Conversão: Sysfar / Concentra\n👤 Contato: André\n📞 Telefones: (14) 3471-0904 / (14) 99798-7957 (14) 99616-5261 / 750\n📝 Obs: Terça, Quarta 08:00\n➖➖➖➖➖➖➖➖➖\n\n➖➖➖➖➖➖➖➖➖\n👨‍🔧 *Técnico:* Vinicius\n*AGENDAMENTO 2*\n\n📋 *Drogaria Princesa Gabriel Monteiro  Tatiele e*\n📅 24/06/2025 a 25/06/2025\n📍 Gabriel Monteiro, SP\n🔧 Implantação | 🚗 Uno 12\n💻 Conversão: Inova Farma \n👤 Contato: André\n📞 Telefones: (18) 99763-4969 / (18) 99611-3928 (18) 996960-0301 / 250\n📝 Obs: Terça, Quarta 08:00\n➖➖➖➖➖➖➖➖➖\n\n\n➖➖➖➖➖➖➖➖➖\nTotal: 2 agendamento(s)',0,'2025-06-20 14:25:45',NULL,NULL,0),(104,8,'true_5518981890799@c.us_3EB021DF8CEBAA3C8DA55E','*📋 IMPLANTAÇÕES AGENDADAS - EDMILSON*\n\n➖➖➖➖➖➖➖➖➖\n👨‍🔧 *Técnico:* Guilherme\n*AGENDAMENTO 3*\n\n📋 *Mika Cosméticos*\n📅 24/06/2025\n📍 Osasco, SP\n🔧 Implantação | 🚗 Uno 11\n💻 Conversão: Master Loja\n👤 Contato: Taina\n📞 Telefones: (11)95828-2090 / 180\n📝 Obs: Terça 08:00\n➖➖➖➖➖➖➖➖➖\n\n➖➖➖➖➖➖➖➖➖\n👨‍🔧 *Técnico:* Guilherme\n*AGENDAMENTO 4*\n\n📋 *Drogaria Farmatos loja 2 Renata /*\n📅 25/06/2025 a 26/06/2025\n📍 Itaquaquecetuba, SP\n🔧 Implantação | 🚗 Uno 11\n💻 Conversão: Adm\n👤 Contato: Talita\n📞 Telefones: (11)98570-4335 / (11)95925-1870 (11)94737-4942 / 250\n📝 Obs: Quarta, Quinta 08:00\n➖➖➖➖➖➖➖➖➖\n\n\n➖➖➖➖➖➖➖➖➖\nTotal: 2 agendamento(s)',0,'2025-06-20 14:26:00',NULL,NULL,0),(105,1,'true_5518988043123@c.us_3EB0874EB53FBF39365CEF','*📋 AGENDAMENTOS PARA MATEUS*\n\n➖➖➖➖➖➖➖➖➖\n*AGENDAMENTO 1*\n\n📋 *TESTE*\n📅 29/05/2025 a 30/05/2025\n📍 Bragança Paulista, SP\n🔧 Implantação | 🚗 Online\n💻 Conversão: TESTE\n👤 Contato: TESTE\n📞 Telefones: (11)2277-1000 / (11)97259-1213 (11)98421-6432\n📝 Obs: Quinta, Sexta 08:00\n➖➖➖➖➖➖➖➖➖\n\n*Para CONFIRMAR, selecione a mensagem e responda com:*\n✅ Ok\n_Esta confirmação será enviada automaticamente_\n➖➖➖➖➖➖➖➖➖\nTotal: 1 agendamento(s)',0,'2025-06-23 13:33:29',NULL,NULL,0),(106,4,'true_5518981174107@c.us_3EB069B8FB4D0D22F74052','*📋 IMPLANTAÇÕES AGENDADAS - ADM*\n\n➖➖➖➖➖➖➖➖➖\n👨‍🔧 *Técnico:* Mateus\n*AGENDAMENTO 1*\n\n📋 *TESTE*\n📅 29/05/2025 a 30/05/2025\n📍 Bragança Paulista, SP\n🔧 Implantação | 🚗 Online\n💻 Conversão: TESTE\n👤 Contato: TESTE\n📞 Telefones: (11)2277-1000 / (11)97259-1213 (11)98421-6432\n📝 Obs: Quinta, Sexta 08:00\n➖➖➖➖➖➖➖➖➖\n\n\n➖➖➖➖➖➖➖➖➖\nTotal: 1 agendamento(s)',0,'2025-06-23 13:33:44',NULL,NULL,0),(107,3,'true_5518981850150@c.us_3EB0761D362B037D2EC115','*📋 AGENDAMENTOS PARA VINICIUS*\n\n➖➖➖➖➖➖➖➖➖\n*AGENDAMENTO 1*\n\n📋 *São Jose Materiais Contrução *\n📅 26/06/2025 a 27/06/2025\n📍 Arco-Iris, SP\n🔧 Implantação | 🚗 Uno 12\n💻 Conversão: Master Loja Vazio \n👤 Contato: Gabriela\n📞 Telefones: (14) 99871-2654\n📝 Obs: Quinta, Sexta 08:00\n➖➖➖➖➖➖➖➖➖\n\n*Para CONFIRMAR, selecione a mensagem e responda com:*\n✅ Ok\n_Esta confirmação será enviada automaticamente_\n➖➖➖➖➖➖➖➖➖\nTotal: 1 agendamento(s)',1,'2025-06-23 13:36:04','2025-06-23 13:53:51','Ok',1),(108,7,'true_5518981850202@c.us_3EB0193395351C1A013734','*📋 IMPLANTAÇÕES AGENDADAS - LEONARDO*\n\n➖➖➖➖➖➖➖➖➖\n👨‍🔧 *Técnico:* Vinicius\n*AGENDAMENTO 1*\n\n📋 *São Jose Materiais Contrução *\n📅 26/06/2025 a 27/06/2025\n📍 Arco-Iris, SP\n🔧 Implantação | 🚗 Uno 12\n💻 Conversão: Master Loja Vazio \n👤 Contato: Gabriela\n📞 Telefones: (14) 99871-2654\n📝 Obs: Quinta, Sexta 08:00\n➖➖➖➖➖➖➖➖➖\n\n\n➖➖➖➖➖➖➖➖➖\nTotal: 1 agendamento(s)',0,'2025-06-23 13:36:19',NULL,NULL,0),(109,1,'true_5518988043123@c.us_3EB088A8735E63461556BD','*📋 AGENDAMENTOS PARA MATEUS*\n\n➖➖➖➖➖➖➖➖➖\n*AGENDAMENTO 2*\n\n📋 *Centro Veterinario*\n📅 01/07/2025 a 02/07/2025\n📍 Álvares Machado, SP\n🔧 Implantação | 🚗 Uno 12\n💻 Conversão: Pegasus \n👤 Contato: Danilo\n📞 Telefones: (18) 99764-0686 / (18) 99636-2233\n📝 Obs: Terça, Quarta 08:00\n➖➖➖➖➖➖➖➖➖\n\n*Para CONFIRMAR, selecione a mensagem e responda com:*\n✅ Ok\n_Esta confirmação será enviada automaticamente_\n➖➖➖➖➖➖➖➖➖\nTotal: 1 agendamento(s)',1,'2025-06-27 14:45:40','2025-06-27 14:46:12','Ok',1),(110,2,'true_5514998319380@c.us_3EB0B083657E79913449DE','*📋 AGENDAMENTOS PARA CARLOS*\n\n➖➖➖➖➖➖➖➖➖\n*AGENDAMENTO 1*\n\n📋 *Brito Garage João*\n📅 01/07/2025 a 02/07/2025\n📍 Colina, SP\n🔧 Implantação | 🚗 Uno 15\n💻 Conversão: Master Loja Vazio \n👤 Contato: Amadeu\n📞 Telefones: (17) 99176-4316 / (16) 99747-0603\n📝 Obs: Terça, Quarta 08:00\n➖➖➖➖➖➖➖➖➖\n\n*Para CONFIRMAR, selecione a mensagem e responda com:*\n✅ Ok\n_Esta confirmação será enviada automaticamente_\n➖➖➖➖➖➖➖➖➖\nTotal: 1 agendamento(s)',0,'2025-06-27 14:45:55',NULL,NULL,0),(111,5,'true_5518996669190@c.us_3EB057565BB74736D2FA68','*📋 AGENDAMENTOS PARA GUILHERME*\n\n➖➖➖➖➖➖➖➖➖\n*AGENDAMENTO 3*\n\n📋 *Drogaria Leve Mais*\n📅 01/07/2025 a 02/07/2025\n📍 São Paulo, SP\n🔧 Implantação | 🚗 Uno 11\n💻 Conversão: Micro Farma\n👤 Contato: Nany\n📞 Telefones: (11)94287-8186 / (11)98101-3045\n📝 Obs: Terça, Quarta 08:00\n➖➖➖➖➖➖➖➖➖\n\n➖➖➖➖➖➖➖➖➖\n*AGENDAMENTO 4*\n\n📋 *Drogaria Compre Bem*\n📅 03/07/2025 a 04/07/2025\n📍 São Paulo, SP\n🔧 Implantação | 🚗 Uno 11\n💻 Conversão: Alpha 7\n👤 Contato: Elisio\n📞 Telefones: (11)5825-4146 / (11)99931-7349\n📝 Obs: Quinta, Sexta 08:00\n➖➖➖➖➖➖➖➖➖\n\n*Para CONFIRMAR, selecione a mensagem e responda com:*\n✅ Ok\n_Esta confirmação será enviada automaticamente_\n➖➖➖➖➖➖➖➖➖\nTotal: 2 agendamento(s)',0,'2025-06-27 14:46:10',NULL,NULL,0),(112,7,'true_5518981850202@c.us_3EB09429BEDA5C4FCD8B17','*📋 IMPLANTAÇÕES AGENDADAS - LEONARDO*\n\n➖➖➖➖➖➖➖➖➖\n👨‍🔧 *Técnico:* Carlos\n*AGENDAMENTO 1*\n\n📋 *Brito Garage João*\n📅 01/07/2025 a 02/07/2025\n📍 Colina, SP\n🔧 Implantação | 🚗 Uno 15\n💻 Conversão: Master Loja Vazio \n👤 Contato: Amadeu\n📞 Telefones: (17) 99176-4316 / (16) 99747-0603\n📝 Obs: Terça, Quarta 08:00\n➖➖➖➖➖➖➖➖➖\n\n➖➖➖➖➖➖➖➖➖\n👨‍🔧 *Técnico:* Mateus\n*AGENDAMENTO 2*\n\n📋 *Centro Veterinario*\n📅 01/07/2025 a 02/07/2025\n📍 Álvares Machado, SP\n🔧 Implantação | 🚗 Uno 12\n💻 Conversão: Pegasus \n👤 Contato: Danilo\n📞 Telefones: (18) 99764-0686 / (18) 99636-2233\n📝 Obs: Terça, Quarta 08:00\n➖➖➖➖➖➖➖➖➖\n\n\n➖➖➖➖➖➖➖➖➖\nTotal: 2 agendamento(s)',0,'2025-06-27 14:46:25',NULL,NULL,0),(113,8,'true_5518981890799@c.us_3EB005B9761B52155BBC5B','*📋 IMPLANTAÇÕES AGENDADAS - EDMILSON*\n\n➖➖➖➖➖➖➖➖➖\n👨‍🔧 *Técnico:* Guilherme\n*AGENDAMENTO 3*\n\n📋 *Drogaria Leve Mais*\n📅 01/07/2025 a 02/07/2025\n📍 São Paulo, SP\n🔧 Implantação | 🚗 Uno 11\n💻 Conversão: Micro Farma\n👤 Contato: Nany\n📞 Telefones: (11)94287-8186 / (11)98101-3045\n📝 Obs: Terça, Quarta 08:00\n➖➖➖➖➖➖➖➖➖\n\n➖➖➖➖➖➖➖➖➖\n👨‍🔧 *Técnico:* Guilherme\n*AGENDAMENTO 4*\n\n📋 *Drogaria Compre Bem*\n📅 03/07/2025 a 04/07/2025\n📍 São Paulo, SP\n🔧 Implantação | 🚗 Uno 11\n💻 Conversão: Alpha 7\n👤 Contato: Elisio\n📞 Telefones: (11)5825-4146 / (11)99931-7349\n📝 Obs: Quinta, Sexta 08:00\n➖➖➖➖➖➖➖➖➖\n\n\n➖➖➖➖➖➖➖➖➖\nTotal: 2 agendamento(s)',0,'2025-06-27 14:46:40',NULL,NULL,0),(114,2,'true_5514998319380@c.us_3EB0A4E300789D3723CCEF','*📋 AGENDAMENTOS PARA CARLOS*\n\n➖➖➖➖➖➖➖➖➖\n*AGENDAMENTO 1*\n\n📋 *Loja do Real *\n📅 03/07/2025 a 04/07/2025\n📍 Guaraci, SP\n🔧 Implantação | 🚗 Uno 15\n💻 Conversão: Master Loja PDV\n👤 Contato: Antonia\n📞 Telefones: (17) 99146-4004 / (17) 98831-4011\n📝 Obs: Quarta, Quinta 08:00\n➖➖➖➖➖➖➖➖➖\n\n*Para CONFIRMAR, selecione a mensagem e responda com:*\n✅ Ok\n_Esta confirmação será enviada automaticamente_\n➖➖➖➖➖➖➖➖➖\nTotal: 1 agendamento(s)',1,'2025-07-02 11:16:57','2025-07-02 11:18:17','Ok',1),(115,3,'true_5518981850150@c.us_3EB0AB89D4A8F69D8E0F4C','*📋 AGENDAMENTOS PARA VINICIUS*\n\n➖➖➖➖➖➖➖➖➖\n*AGENDAMENTO 2*\n\n📋 *Drogaria Farma You ll*\n📅 03/07/2025 a 04/07/2025\n📍 São Paulo, SP\n🔧 Online | 🚗 Online\n💻 Conversão: Sisfarma\n👤 Contato: Samara\n📞 Telefones: (11)94287-8186 / (11)98101-3045\n📝 Obs: Quinta, Sexta 08:00\n➖➖➖➖➖➖➖➖➖\n\n*Para CONFIRMAR, selecione a mensagem e responda com:*\n✅ Ok\n_Esta confirmação será enviada automaticamente_\n➖➖➖➖➖➖➖➖➖\nTotal: 1 agendamento(s)',1,'2025-07-02 11:17:12','2025-07-02 11:17:40','👍',1),(116,7,'true_5518981850202@c.us_3EB0AEA5DFBE51FDA5D177','*📋 IMPLANTAÇÕES AGENDADAS - LEONARDO*\n\n➖➖➖➖➖➖➖➖➖\n👨‍🔧 *Técnico:* Carlos\n*AGENDAMENTO 1*\n\n📋 *Loja do Real *\n📅 03/07/2025 a 04/07/2025\n📍 Guaraci, SP\n🔧 Implantação | 🚗 Uno 15\n💻 Conversão: Master Loja PDV\n👤 Contato: Antonia\n📞 Telefones: (17) 99146-4004 / (17) 98831-4011\n📝 Obs: Quarta, Quinta 08:00\n➖➖➖➖➖➖➖➖➖\n\n\n➖➖➖➖➖➖➖➖➖\nTotal: 1 agendamento(s)',0,'2025-07-02 11:17:27',NULL,NULL,0),(117,8,'true_5518981890799@c.us_3EB0BCC7BD6A9FAC816E69','*📋 IMPLANTAÇÕES AGENDADAS - EDMILSON*\n\n➖➖➖➖➖➖➖➖➖\n👨‍🔧 *Técnico:* Vinicius\n*AGENDAMENTO 2*\n\n📋 *Drogaria Farma You ll*\n📅 03/07/2025 a 04/07/2025\n📍 São Paulo, SP\n🔧 Online | 🚗 Online\n💻 Conversão: Sisfarma\n👤 Contato: Samara\n📞 Telefones: (11)94287-8186 / (11)98101-3045\n📝 Obs: Quinta, Sexta 08:00\n➖➖➖➖➖➖➖➖➖\n\n\n➖➖➖➖➖➖➖➖➖\nTotal: 1 agendamento(s)',0,'2025-07-02 11:17:42',NULL,NULL,0),(118,3,'true_5518981850150@c.us_3EB07C21C7D527DA0779CE','*📋 AGENDAMENTOS PARA VINICIUS*\n\n➖➖➖➖➖➖➖➖➖\n*AGENDAMENTO 1*\n\n📋 *Bar e Mercearia Arco-Íris*\n📅 03/07/2025 a 04/07/2025\n📍 Arco-Iris, SP\n🔧 Implantação | 🚗 Online\n💻 Conversão: Master Loja\n👤 Contato: Gabriela\n📞 Telefones: (14)99871-2654 / (14)99622-1509\n📝 Obs: Quinta, Sexta 08:00\n➖➖➖➖➖➖➖➖➖\n\n*Para CONFIRMAR, selecione a mensagem e responda com:*\n✅ Ok\n_Esta confirmação será enviada automaticamente_\n➖➖➖➖➖➖➖➖➖\nTotal: 1 agendamento(s)',0,'2025-07-03 11:24:36',NULL,NULL,0),(119,7,'true_5518981850202@c.us_3EB0AA633FB8AF78058A84','*📋 IMPLANTAÇÕES AGENDADAS - LEONARDO*\n\n➖➖➖➖➖➖➖➖➖\n👨‍🔧 *Técnico:* Vinicius\n*AGENDAMENTO 1*\n\n📋 *Bar e Mercearia Arco-Íris*\n📅 03/07/2025 a 04/07/2025\n📍 Arco-Iris, SP\n🔧 Implantação | 🚗 Online\n💻 Conversão: Master Loja\n👤 Contato: Gabriela\n📞 Telefones: (14)99871-2654 / (14)99622-1509\n📝 Obs: Quinta, Sexta 08:00\n➖➖➖➖➖➖➖➖➖\n\n\n➖➖➖➖➖➖➖➖➖\nTotal: 1 agendamento(s)',0,'2025-07-03 11:24:51',NULL,NULL,0),(120,1,'true_5518988043123@c.us_3EB02EF6CD0BF1F2675681','*📋 AGENDAMENTOS PARA MATEUS*\n\n➖➖➖➖➖➖➖➖➖\n*AGENDAMENTO 1*\n\n📋 *Drogaria e Cirúrgica São Francisco*\n📅 29/05/2025 a 30/05/2025\n📍 Bragança Paulista, SP\n🔧 Implantação | 🚗 Uno 11\n💻 Conversão: Tech Farma\n👤 Contato: Ana\n📞 Telefones: (11)2277-1000 / (11)97259-1213 (11)98421-6432\n📝 Obs: Quinta, Sexta 08:00\n➖➖➖➖➖➖➖➖➖\n\n*Para CONFIRMAR, selecione a mensagem e responda com:*\n✅ Ok\n_Esta confirmação será enviada automaticamente_\n➖➖➖➖➖➖➖➖➖\nTotal: 1 agendamento(s)',0,'2025-09-11 00:13:02',NULL,NULL,0),(121,7,'true_5518988043123@c.us_3EB0B75E35DBDCDCF89EBD','*📋 IMPLANTAÇÕES AGENDADAS - LEONARDO*\n\n➖➖➖➖➖➖➖➖➖\n👨‍🔧 *Técnico:* Mateus\n*AGENDAMENTO 1*\n\n📋 *Drogaria e Cirúrgica São Francisco*\n📅 29/05/2025 a 30/05/2025\n📍 Bragança Paulista, SP\n🔧 Implantação | 🚗 Uno 11\n💻 Conversão: Tech Farma\n👤 Contato: Ana\n📞 Telefones: (11)2277-1000 / (11)97259-1213 (11)98421-6432\n📝 Obs: Quinta, Sexta 08:00\n➖➖➖➖➖➖➖➖➖\n\n\n➖➖➖➖➖➖➖➖➖\nTotal: 1 agendamento(s)',0,'2025-09-11 00:13:17',NULL,NULL,0),(122,1,'true_5518988043123@c.us_3EB03D52874323163F3AA1','*📋 AGENDAMENTOS PARA MATEUS*\n\n➖➖➖➖➖➖➖➖➖\n*AGENDAMENTO 1*\n\n📋 *Cirurgica Central Med*\n📅 11/09/2025\n📍 Presidente Prudente, SP\n🔧 Implantação | 🚗 Uno 13\n💻 Conversão: Treinamento\n👤 Contato: Vander\n📞 Telefones: (18) 99825-1030\n📝 Obs: Quinta 08:00\n➖➖➖➖➖➖➖➖➖\n\n➖➖➖➖➖➖➖➖➖\n*AGENDAMENTO 2*\n\n📋 *Alho Real Jose*\n📅 12/09/2025\n📍 Presidente Prudente, SP\n🔧 Implantação | 🚗 Uno 13\n💻 Conversão: Master Loja\n👤 Contato: Carlos\n📞 Telefones: (15) 3562-1118 / (15) 99722-0180 (15) 99833-0343 / 123\n📝 Obs: Sexta 08:00\n➖➖➖➖➖➖➖➖➖\n\n*Para CONFIRMAR, selecione a mensagem e responda com:*\n✅ Ok\n_Esta confirmação será enviada automaticamente_\n➖➖➖➖➖➖➖➖➖\nTotal: 2 agendamento(s)',0,'2025-09-11 13:32:20',NULL,NULL,0),(123,4,'true_5518981174107@c.us_3EB0E44F3E20B3F2BCF7B7','*📋 IMPLANTAÇÕES AGENDADAS - ADM*\n\n➖➖➖➖➖➖➖➖➖\n👨‍🔧 *Técnico:* Mateus\n*AGENDAMENTO 1*\n\n📋 *Cirurgica Central Med*\n📅 11/09/2025\n📍 Presidente Prudente, SP\n🔧 Implantação | 🚗 Uno 13\n💻 Conversão: Treinamento\n👤 Contato: Vander\n📞 Telefones: (18) 99825-1030\n📝 Obs: Quinta 08:00\n➖➖➖➖➖➖➖➖➖\n\n➖➖➖➖➖➖➖➖➖\n👨‍🔧 *Técnico:* Mateus\n*AGENDAMENTO 2*\n\n📋 *Alho Real Jose*\n📅 12/09/2025\n📍 Presidente Prudente, SP\n🔧 Implantação | 🚗 Uno 13\n💻 Conversão: Master Loja\n👤 Contato: Carlos\n📞 Telefones: (15) 3562-1118 / (15) 99722-0180 (15) 99833-0343 / 123\n📝 Obs: Sexta 08:00\n➖➖➖➖➖➖➖➖➖\n\n\n➖➖➖➖➖➖➖➖➖\nTotal: 2 agendamento(s)',0,'2025-09-11 13:32:35',NULL,NULL,0),(124,1,'true_5518988043123@c.us_3EB08009B6A9B87ED1299B','*📋 AGENDAMENTOS PARA MATEUS*\n\n➖➖➖➖➖➖➖➖➖\n*AGENDAMENTO 1*\n\n📋 *Alho Real Jose*\n📅 12/09/2025\n📍 Presidente Prudente, SP\n🔧 Implantação | 🚗 Uno 13\n💻 Conversão: Master Loja\n👤 Contato: Carlos\n📞 Telefones: (18)3909-1800 / (18)99637-0047 / 123\n📝 Obs: Sexta 08:00\n➖➖➖➖➖➖➖➖➖\n\n*Para CONFIRMAR, selecione a mensagem e responda com:*\n✅ Ok\n_Esta confirmação será enviada automaticamente_\n➖➖➖➖➖➖➖➖➖\nTotal: 1 agendamento(s)',0,'2025-09-11 13:35:19',NULL,NULL,0),(125,4,'true_5518981174107@c.us_3EB06408DA42EB27EE6C25','*📋 IMPLANTAÇÕES AGENDADAS - ADM*\n\n➖➖➖➖➖➖➖➖➖\n👨‍🔧 *Técnico:* Mateus\n*AGENDAMENTO 1*\n\n📋 *Alho Real Jose*\n📅 12/09/2025\n📍 Presidente Prudente, SP\n🔧 Implantação | 🚗 Uno 13\n💻 Conversão: Master Loja\n👤 Contato: Carlos\n📞 Telefones: (18)3909-1800 / (18)99637-0047 / 123\n📝 Obs: Sexta 08:00\n➖➖➖➖➖➖➖➖➖\n\n\n➖➖➖➖➖➖➖➖➖\nTotal: 1 agendamento(s)',0,'2025-09-11 13:35:34',NULL,NULL,0),(126,5,'true_5518996669190@c.us_3EB03F042EA8E360829A06','*📋 AGENDAMENTOS PARA GUILHERME*\n\n➖➖➖➖➖➖➖➖➖\n*AGENDAMENTO 1*\n\n📋 *DyPharma Lj 2*\n📅 13/09/2025\n📍 Itatiba, SP\n🔧 Implantação | 🚗 Uno 11\n💻 Conversão: Master Loja\n👤 Contato: Rosana\n📞 Telefones: (11) 4594-2004 / 250\n📝 Obs: Nenhuma\n➖➖➖➖➖➖➖➖➖\n\n*Para CONFIRMAR, selecione a mensagem e responda com:*\n✅ Ok\n_Esta confirmação será enviada automaticamente_\n➖➖➖➖➖➖➖➖➖\nTotal: 1 agendamento(s)',0,'2025-09-11 19:15:44',NULL,NULL,0),(127,8,'true_5518981890799@c.us_3EB046BC0F7AE83FE93303','*📋 IMPLANTAÇÕES AGENDADAS - EDMILSON*\n\n➖➖➖➖➖➖➖➖➖\n👨‍🔧 *Técnico:* Guilherme\n*AGENDAMENTO 1*\n\n📋 *DyPharma Lj 2*\n📅 13/09/2025\n📍 Itatiba, SP\n🔧 Implantação | 🚗 Uno 11\n💻 Conversão: Master Loja\n👤 Contato: Rosana\n📞 Telefones: (11) 4594-2004 / 250\n📝 Obs: Nenhuma\n➖➖➖➖➖➖➖➖➖\n\n\n➖➖➖➖➖➖➖➖➖\nTotal: 1 agendamento(s)',0,'2025-09-11 19:15:59',NULL,NULL,0),(128,1,'true_5518988043123@c.us_3EB0951EC390701C859DC4','*📋 AGENDAMENTOS PARA MATEUS*\n\n➖➖➖➖➖➖➖➖➖\n*AGENDAMENTO 3*\n\n📋 *Mercado Express*\n📅 16/09/2025 a 17/09/2025\n📍 Presidente Prudente, SP\n🔧 Implantação | 🚗 Uno 12\n💻 Conversão: Treinamento \n👤 Contato: Gabriela\n📞 Telefones: (18) 98825-2296\n📝 Obs: Terça, Quarta 08:00\n➖➖➖➖➖➖➖➖➖\n\n*Para CONFIRMAR, selecione a mensagem e responda com:*\n✅ Ok\n_Esta confirmação será enviada automaticamente_\n➖➖➖➖➖➖➖➖➖\nTotal: 1 agendamento(s)',0,'2025-09-12 14:41:29',NULL,NULL,0),(129,2,'true_5514998319380@c.us_3EB0D8FF854803FE48575C','*📋 AGENDAMENTOS PARA CARLOS*\n\n➖➖➖➖➖➖➖➖➖\n*AGENDAMENTO 5*\n\n📋 *Drogaria Nossa Senhora Aparecida *\n📅 18/09/2025 a 19/09/2025\n📍 Borborema, SP\n🔧 Implantação | 🚗 Uno 15\n💻 Conversão: Farma Pro \n👤 Contato: Carmenluce\n📞 Telefones: (16) 3266-1457 / (16) 99601-1090 / 200\n📝 Obs: Quinta, Sexta 08:00\n➖➖➖➖➖➖➖➖➖\n\n*Para CONFIRMAR, selecione a mensagem e responda com:*\n✅ Ok\n_Esta confirmação será enviada automaticamente_\n➖➖➖➖➖➖➖➖➖\nTotal: 1 agendamento(s)',0,'2025-09-12 14:41:44',NULL,NULL,0),(130,3,'true_5518998134848@c.us_3EB087EA5E256838594463','*📋 AGENDAMENTOS PARA VINICIUS*\n\n➖➖➖➖➖➖➖➖➖\n*AGENDAMENTO 2*\n\n📋 *Drogaria Imperio*\n📅 16/09/2025 a 17/09/2025\n📍 Óleo, SP\n🔧 Implantação | 🚗 Uno 13\n💻 Conversão: Trier \n👤 Contato: Eduardo\n📞 Telefones: (14) 99679-2738 / (15) 99741-8193 / 265\n📝 Obs: Terça, Quarta 08:00\n➖➖➖➖➖➖➖➖➖\n\n*Para CONFIRMAR, selecione a mensagem e responda com:*\n✅ Ok\n_Esta confirmação será enviada automaticamente_\n➖➖➖➖➖➖➖➖➖\nTotal: 1 agendamento(s)',0,'2025-09-12 14:41:59',NULL,NULL,0),(131,5,'true_5518996669190@c.us_3EB07A6DD61A29A2F77B87','*📋 AGENDAMENTOS PARA GUILHERME*\n\n➖➖➖➖➖➖➖➖➖\n*AGENDAMENTO 1*\n\n📋 *Zakkay Perfumaria *\n📅 15/09/2025 a 16/09/2025\n📍 Guarulhos, SP\n🔧 Implantação | 🚗 Uno 11\n💻 Conversão: Anglo\n💰 Taxa: R$200\n👤 Contato: João\n📞 Telefones: (11)97828-6125 / (11)98984-8904 / 160\n📝 Obs: Segunda, Terça 08:00\n➖➖➖➖➖➖➖➖➖\n\n➖➖➖➖➖➖➖➖➖\n*AGENDAMENTO 4*\n\n📋 *Zakkay Perfumaria loja 2*\n📅 17/09/2025 a 18/09/2025\n📍 Guarulhos, SP\n🔧 Implantação | 🚗 Uno 11\n💻 Conversão: Anglo\n💰 Taxa: R$200\n👤 Contato: Joao\n📞 Telefones: (11)99020-9871 / (11)98984-8904 / 160\n📝 Obs: Quarta, Quinta 08:00\n➖➖➖➖➖➖➖➖➖\n\n*Para CONFIRMAR, selecione a mensagem e responda com:*\n✅ Ok\n_Esta confirmação será enviada automaticamente_\n➖➖➖➖➖➖➖➖➖\nTotal: 2 agendamento(s)',0,'2025-09-12 14:42:14',NULL,NULL,0),(132,7,'true_5518981850202@c.us_3EB0F87D0E94D8E070A0A9','*📋 IMPLANTAÇÕES AGENDADAS - LEONARDO*\n\n➖➖➖➖➖➖➖➖➖\n👨‍🔧 *Técnico:* Vinicius\n*AGENDAMENTO 2*\n\n📋 *Drogaria Imperio*\n📅 16/09/2025 a 17/09/2025\n📍 Óleo, SP\n🔧 Implantação | 🚗 Uno 13\n💻 Conversão: Trier \n👤 Contato: Eduardo\n📞 Telefones: (14) 99679-2738 / (15) 99741-8193 / 265\n📝 Obs: Terça, Quarta 08:00\n➖➖➖➖➖➖➖➖➖\n\n➖➖➖➖➖➖➖➖➖\n👨‍🔧 *Técnico:* Mateus\n*AGENDAMENTO 3*\n\n📋 *Mercado Express*\n📅 16/09/2025 a 17/09/2025\n📍 Presidente Prudente, SP\n🔧 Implantação | 🚗 Uno 12\n💻 Conversão: Treinamento \n👤 Contato: Gabriela\n📞 Telefones: (18) 98825-2296\n📝 Obs: Terça, Quarta 08:00\n➖➖➖➖➖➖➖➖➖\n\n➖➖➖➖➖➖➖➖➖\n👨‍🔧 *Técnico:* Carlos\n*AGENDAMENTO 5*\n\n📋 *Drogaria Nossa Senhora Aparecida *\n📅 18/09/2025 a 19/09/2025\n📍 Borborema, SP\n🔧 Implantação | 🚗 Uno 15\n💻 Conversão: Farma Pro \n👤 Contato: Carmenluce\n📞 Telefones: (16) 3266-1457 / (16) 99601-1090 / 200\n📝 Obs: Quinta, Sexta 08:00\n➖➖➖➖➖➖➖➖➖\n\n\n➖➖➖➖➖➖➖➖➖\nTotal: 3 agendamento(s)',0,'2025-09-12 14:42:29',NULL,NULL,0),(133,8,'true_5518981890799@c.us_3EB06B9245083073ED26FA','*📋 IMPLANTAÇÕES AGENDADAS - EDMILSON*\n\n➖➖➖➖➖➖➖➖➖\n👨‍🔧 *Técnico:* Guilherme\n*AGENDAMENTO 1*\n\n📋 *Zakkay Perfumaria *\n📅 15/09/2025 a 16/09/2025\n📍 Guarulhos, SP\n🔧 Implantação | 🚗 Uno 11\n💻 Conversão: Anglo\n💰 Taxa: R$200\n👤 Contato: João\n📞 Telefones: (11)97828-6125 / (11)98984-8904 / 160\n📝 Obs: Segunda, Terça 08:00\n➖➖➖➖➖➖➖➖➖\n\n➖➖➖➖➖➖➖➖➖\n👨‍🔧 *Técnico:* Guilherme\n*AGENDAMENTO 4*\n\n📋 *Zakkay Perfumaria loja 2*\n📅 17/09/2025 a 18/09/2025\n📍 Guarulhos, SP\n🔧 Implantação | 🚗 Uno 11\n💻 Conversão: Anglo\n💰 Taxa: R$200\n👤 Contato: Joao\n📞 Telefones: (11)99020-9871 / (11)98984-8904 / 160\n📝 Obs: Quarta, Quinta 08:00\n➖➖➖➖➖➖➖➖➖\n\n\n➖➖➖➖➖➖➖➖➖\nTotal: 2 agendamento(s)',0,'2025-09-12 14:42:44',NULL,NULL,0),(134,5,'true_5518996669190@c.us_3EB0292C38C4629783066A','*📋 AGENDAMENTOS PARA GUILHERME*\n\n➖➖➖➖➖➖➖➖➖\n*AGENDAMENTO 1*\n\n📋 *Linda Farma*\n📅 16/09/2025 a 17/09/2025\n📍 São Paulo, SP\n🔧 Implantação | 🚗 Uno 11\n💻 Conversão: PharmaW\n👤 Contato: Bruno\n📞 Telefones: (11)95481-0912 / 250\n📝 Obs: Terça, Quarta 08:00\n➖➖➖➖➖➖➖➖➖\n\n➖➖➖➖➖➖➖➖➖\n*AGENDAMENTO 2*\n\n📋 *DyPharma Lj 2*\n📅 18/09/2025 a 19/09/2025\n📍 Itatiba, SP\n🔧 Implantação | 🚗 Uno 11\n💻 Conversão: PharmaW\n👤 Contato: Rosana\n📞 Telefones: (11) 4594-2004 / 250\n📝 Obs: Quinta, Sexta 08:00\n➖➖➖➖➖➖➖➖➖\n\n*Para CONFIRMAR, selecione a mensagem e responda com:*\n✅ Ok\n_Esta confirmação será enviada automaticamente_\n➖➖➖➖➖➖➖➖➖\nTotal: 2 agendamento(s)',0,'2025-09-15 19:43:56',NULL,NULL,0),(135,7,'true_5518981850202@c.us_3EB083E114247D5804C1FA','*📋 IMPLANTAÇÕES AGENDADAS - LEONARDO*\n\n➖➖➖➖➖➖➖➖➖\n👨‍🔧 *Técnico:* Guilherme\n*AGENDAMENTO 2*\n\n📋 *DyPharma Lj 2*\n📅 18/09/2025 a 19/09/2025\n📍 Itatiba, SP\n🔧 Implantação | 🚗 Uno 11\n💻 Conversão: PharmaW\n👤 Contato: Rosana\n📞 Telefones: (11) 4594-2004 / 250\n📝 Obs: Quinta, Sexta 08:00\n➖➖➖➖➖➖➖➖➖\n\n\n➖➖➖➖➖➖➖➖➖\nTotal: 1 agendamento(s)',0,'2025-09-15 19:44:11',NULL,NULL,0),(136,8,'true_5518981890799@c.us_3EB029523EF0FE5C5C137C','*📋 IMPLANTAÇÕES AGENDADAS - EDMILSON*\n\n➖➖➖➖➖➖➖➖➖\n👨‍🔧 *Técnico:* Guilherme\n*AGENDAMENTO 1*\n\n📋 *Linda Farma*\n📅 16/09/2025 a 17/09/2025\n📍 São Paulo, SP\n🔧 Implantação | 🚗 Uno 11\n💻 Conversão: PharmaW\n👤 Contato: Bruno\n📞 Telefones: (11)95481-0912 / 250\n📝 Obs: Terça, Quarta 08:00\n➖➖➖➖➖➖➖➖➖\n\n\n➖➖➖➖➖➖➖➖➖\nTotal: 1 agendamento(s)',0,'2025-09-15 19:44:26',NULL,NULL,0),(137,1,'true_5518988043123@c.us_3EB04DDCD505AB23D244D5','*📋 AGENDAMENTOS PARA MATEUS*\n\n➖➖➖➖➖➖➖➖➖\n*AGENDAMENTO 1*\n\n📋 *Farmacia Montoia*\n📅 18/09/2025\n📍 Iepe, SP\n🔧 Implantação | 🚗 Uno 12\n💻 Conversão: Treinamento\n👤 Contato: Joao\n📞 Telefones: (18)99788-7191\n📝 Obs: Quinta 08:00\n➖➖➖➖➖➖➖➖➖\n\n➖➖➖➖➖➖➖➖➖\n*AGENDAMENTO 2*\n\n📋 *Distribuidora e Drogaria Poiati*\n📅 19/09/2025\n📍 Mirassol, SP\n🔧 Implantação | 🚗 Online\n💻 Conversão: Pharma W\n👤 Contato: Alexandre\n📞 Telefones: (17) 99670-6191 / 98\n📝 Obs: Sexta 08:00\n➖➖➖➖➖➖➖➖➖\n\n*Para CONFIRMAR, selecione a mensagem e responda com:*\n✅ Ok\n_Esta confirmação será enviada automaticamente_\n➖➖➖➖➖➖➖➖➖\nTotal: 2 agendamento(s)',0,'2025-09-17 18:40:41',NULL,NULL,0),(138,4,'true_5518981174107@c.us_3EB071C58D97EA38C5291C','*📋 IMPLANTAÇÕES AGENDADAS - ADM*\n\n➖➖➖➖➖➖➖➖➖\n👨‍🔧 *Técnico:* Mateus\n*AGENDAMENTO 1*\n\n📋 *Farmacia Montoia*\n📅 18/09/2025\n📍 Iepe, SP\n🔧 Implantação | 🚗 Uno 12\n💻 Conversão: Treinamento\n👤 Contato: Joao\n📞 Telefones: (18)99788-7191\n📝 Obs: Quinta 08:00\n➖➖➖➖➖➖➖➖➖\n\n\n➖➖➖➖➖➖➖➖➖\nTotal: 1 agendamento(s)',0,'2025-09-17 18:40:56',NULL,NULL,0),(139,7,'true_5518981850202@c.us_3EB00406E93DA5086F1077','*📋 IMPLANTAÇÕES AGENDADAS - LEONARDO*\n\n➖➖➖➖➖➖➖➖➖\n👨‍🔧 *Técnico:* Mateus\n*AGENDAMENTO 2*\n\n📋 *Distribuidora e Drogaria Poiati*\n📅 19/09/2025\n📍 Mirassol, SP\n🔧 Implantação | 🚗 Online\n💻 Conversão: Pharma W\n👤 Contato: Alexandre\n📞 Telefones: (17) 99670-6191 / 98\n📝 Obs: Sexta 08:00\n➖➖➖➖➖➖➖➖➖\n\n\n➖➖➖➖➖➖➖➖➖\nTotal: 1 agendamento(s)',0,'2025-09-17 18:41:11',NULL,NULL,0),(140,10,'true_5518981850405@c.us_3EB01033659BF6DEACC3BC','*📋 AGENDAMENTOS PARA RENAN*\n\n➖➖➖➖➖➖➖➖➖\n*AGENDAMENTO 1*\n\n📋 *Drogaria Preço Melhor*\n📅 19/09/2025\n📍 São Paulo, SP\n🔧 Implantação | 🚗 Online\n💻 Conversão: Pharma W\n👤 Contato: Vinicius\n📞 Telefones: (11)95715-1137 / 233\n📝 Obs: Sexta 08:00\n➖➖➖➖➖➖➖➖➖\n\n*Para CONFIRMAR, selecione a mensagem e responda com:*\n✅ Ok\n_Esta confirmação será enviada automaticamente_\n➖➖➖➖➖➖➖➖➖\nTotal: 1 agendamento(s)',1,'2025-09-19 14:09:50','2025-09-19 14:32:00','Ok',1),(141,8,'true_5518981890799@c.us_3EB0EF7A7F8A853B669C0B','*📋 IMPLANTAÇÕES AGENDADAS - EDMILSON*\n\n➖➖➖➖➖➖➖➖➖\n👨‍🔧 *Técnico:* Renan\n*AGENDAMENTO 1*\n\n📋 *Drogaria Preço Melhor*\n📅 19/09/2025\n📍 São Paulo, SP\n🔧 Implantação | 🚗 Online\n💻 Conversão: Pharma W\n👤 Contato: Vinicius\n📞 Telefones: (11)95715-1137 / 233\n📝 Obs: Sexta 08:00\n➖➖➖➖➖➖➖➖➖\n\n\n➖➖➖➖➖➖➖➖➖\nTotal: 1 agendamento(s)',0,'2025-09-19 14:10:05',NULL,NULL,0),(142,2,'true_5514998319380@c.us_3EB07FBB57B63BBC126410','*📋 AGENDAMENTOS PARA CARLOS*\n\n➖➖➖➖➖➖➖➖➖\n*AGENDAMENTO 2*\n\n📋 *Athena Celulares *\n📅 23/09/2025 a 24/09/2025\n📍 Nova Casa Verde, MS\n🔧 Implantação | 🚗 Uno 13\n💻 Conversão: Master Loja \n💰 Taxa: R$450\n👤 Contato: Jessica\n📞 Telefones: (67) 99699-1617 / (67) 99613-7250 / 180\n📝 Obs: Terça, Quarta 08:00\n➖➖➖➖➖➖➖➖➖\n\n*Para CONFIRMAR, selecione a mensagem e responda com:*\n✅ Ok\n_Esta confirmação será enviada automaticamente_\n➖➖➖➖➖➖➖➖➖\nTotal: 1 agendamento(s)',0,'2025-09-19 19:12:01',NULL,NULL,0),(143,5,'true_5518996669190@c.us_3EB04260C17C47E61FFFF7','*📋 AGENDAMENTOS PARA GUILHERME*\n\n➖➖➖➖➖➖➖➖➖\n*AGENDAMENTO 1*\n\n📋 *Linda Farma*\n📅 22/09/2025 a 23/09/2025\n📍 São Paulo, SP\n🔧 Implantação | 🚗 Uno 11\n💻 Conversão: PharmaW\n👤 Contato: Bruno\n📞 Telefones: (11)95481-0912 / 250\n📝 Obs: Segunda, Terça 08:00\n➖➖➖➖➖➖➖➖➖\n\n➖➖➖➖➖➖➖➖➖\n*AGENDAMENTO 3*\n\n📋 *Medifarma Drogaria Irá / Gilda /*\n📅 24/09/2025 a 25/09/2025\n📍 Guarulhos, SP\n🔧 Implantação | 🚗 Uno 11\n💻 Conversão: PharmaW\n💰 Taxa: R$200\n👤 Contato: Neuma\n📞 Telefones: (11)2498-1482 / (11)99475-6327 (11)96257-4043 / 220\n📝 Obs: Quarta, Quinta 08:00\n➖➖➖➖➖➖➖➖➖\n\n➖➖➖➖➖➖➖➖➖\n*AGENDAMENTO 4*\n\n📋 *Pharma DrogaMax*\n📅 25/09/2025 a 26/09/2025\n📍 Osasco, SP\n🔧 Implantação | 🚗 Uno 11\n💻 Conversão: Simfarma\n👤 Contato: João\n📞 Telefones: (11)4384-9042 / (11)93801-4776 / 250\n📝 Obs: Quinta, Sexta 08:00\n➖➖➖➖➖➖➖➖➖\n\n*Para CONFIRMAR, selecione a mensagem e responda com:*\n✅ Ok\n_Esta confirmação será enviada automaticamente_\n➖➖➖➖➖➖➖➖➖\nTotal: 3 agendamento(s)',0,'2025-09-19 19:12:16',NULL,NULL,0),(144,7,'true_5518981850202@c.us_3EB0662596B03E118A7F0D','*📋 IMPLANTAÇÕES AGENDADAS - LEONARDO*\n\n➖➖➖➖➖➖➖➖➖\n👨‍🔧 *Técnico:* Carlos\n*AGENDAMENTO 2*\n\n📋 *Athena Celulares *\n📅 23/09/2025 a 24/09/2025\n📍 Nova Casa Verde, MS\n🔧 Implantação | 🚗 Uno 13\n💻 Conversão: Master Loja \n💰 Taxa: R$450\n👤 Contato: Jessica\n📞 Telefones: (67) 99699-1617 / (67) 99613-7250 / 180\n📝 Obs: Terça, Quarta 08:00\n➖➖➖➖➖➖➖➖➖\n\n\n➖➖➖➖➖➖➖➖➖\nTotal: 1 agendamento(s)',0,'2025-09-19 19:12:31',NULL,NULL,0),(145,8,'true_5518981890799@c.us_3EB0AE08EAB70E451091D4','*📋 IMPLANTAÇÕES AGENDADAS - EDMILSON*\n\n➖➖➖➖➖➖➖➖➖\n👨‍🔧 *Técnico:* Guilherme\n*AGENDAMENTO 1*\n\n📋 *Linda Farma*\n📅 22/09/2025 a 23/09/2025\n📍 São Paulo, SP\n🔧 Implantação | 🚗 Uno 11\n💻 Conversão: PharmaW\n👤 Contato: Bruno\n📞 Telefones: (11)95481-0912 / 250\n📝 Obs: Segunda, Terça 08:00\n➖➖➖➖➖➖➖➖➖\n\n➖➖➖➖➖➖➖➖➖\n👨‍🔧 *Técnico:* Guilherme\n*AGENDAMENTO 3*\n\n📋 *Medifarma Drogaria Irá / Gilda /*\n📅 24/09/2025 a 25/09/2025\n📍 Guarulhos, SP\n🔧 Implantação | 🚗 Uno 11\n💻 Conversão: PharmaW\n💰 Taxa: R$200\n👤 Contato: Neuma\n📞 Telefones: (11)2498-1482 / (11)99475-6327 (11)96257-4043 / 220\n📝 Obs: Quarta, Quinta 08:00\n➖➖➖➖➖➖➖➖➖\n\n➖➖➖➖➖➖➖➖➖\n👨‍🔧 *Técnico:* Guilherme\n*AGENDAMENTO 4*\n\n📋 *Pharma DrogaMax*\n📅 25/09/2025 a 26/09/2025\n📍 Osasco, SP\n🔧 Implantação | 🚗 Uno 11\n💻 Conversão: Simfarma\n👤 Contato: João\n📞 Telefones: (11)4384-9042 / (11)93801-4776 / 250\n📝 Obs: Quinta, Sexta 08:00\n➖➖➖➖➖➖➖➖➖\n\n\n➖➖➖➖➖➖➖➖➖\nTotal: 3 agendamento(s)',0,'2025-09-19 19:12:46',NULL,NULL,0),(146,1,'true_5518988043123@c.us_3EB0CAE7BDA53A49C88525','*📋 AGENDAMENTOS PARA MATEUS*\n\n➖➖➖➖➖➖➖➖➖\n*AGENDAMENTO 1*\n\n📋 *MT Suplementos, Alimentos e Suprimentos *\n📅 24/09/2025\n📍 Tangara da Serra, MT\n🔧 Implantação | 🚗 Online\n💻 Conversão: Master Loja \n💰 Taxa: R$220\n👤 Contato: Fabio\n📞 Telefones: (67) 3326-1481 / (67)  99987-1769 / 220\n📝 Obs: Quarta 08:00\n➖➖➖➖➖➖➖➖➖\n\n*Para CONFIRMAR, selecione a mensagem e responda com:*\n✅ Ok\n_Esta confirmação será enviada automaticamente_\n➖➖➖➖➖➖➖➖➖\nTotal: 1 agendamento(s)',0,'2025-09-23 19:14:26',NULL,NULL,0),(147,7,'true_5518981850202@c.us_3EB05A990F9FA8C77869CB','*📋 IMPLANTAÇÕES AGENDADAS - LEONARDO*\n\n➖➖➖➖➖➖➖➖➖\n👨‍🔧 *Técnico:* Mateus\n*AGENDAMENTO 1*\n\n📋 *MT Suplementos, Alimentos e Suprimentos *\n📅 24/09/2025\n📍 Tangara da Serra, MT\n🔧 Implantação | 🚗 Online\n💻 Conversão: Master Loja \n💰 Taxa: R$220\n👤 Contato: Fabio\n📞 Telefones: (67) 3326-1481 / (67)  99987-1769 / 220\n📝 Obs: Quarta 08:00\n➖➖➖➖➖➖➖➖➖\n\n\n➖➖➖➖➖➖➖➖➖\nTotal: 1 agendamento(s)',0,'2025-09-23 19:14:41',NULL,NULL,0);
/*!40000 ALTER TABLE `mensagens_enviadas` ENABLE KEYS */;
UNLOCK TABLES;
/*!40103 SET TIME_ZONE=@OLD_TIME_ZONE */;

/*!40101 SET SQL_MODE=@OLD_SQL_MODE */;
/*!40014 SET FOREIGN_KEY_CHECKS=@OLD_FOREIGN_KEY_CHECKS */;
/*!40014 SET UNIQUE_CHECKS=@OLD_UNIQUE_CHECKS */;
/*!40101 SET CHARACTER_SET_CLIENT=@OLD_CHARACTER_SET_CLIENT */;
/*!40101 SET CHARACTER_SET_RESULTS=@OLD_CHARACTER_SET_RESULTS */;
/*!40101 SET COLLATION_CONNECTION=@OLD_COLLATION_CONNECTION */;
/*!40111 SET SQL_NOTES=@OLD_SQL_NOTES */;

-- Dump completed on 2025-09-25 12:17:50
